Compound,Date,Negative,Neutral,Positive,Tweet Text,Tweets Ago,User
-0.743,Sun Nov 05 22:27:18 +0000 2017,0.247,0.701,0.052,"RT @BBCSport: Some sad news to bring you.

Former Stoke City defender Dionatan Teixeira has died at the age of 25.

https://t.co/L2KH7PCvqD‚Ä¶",0,@BBC
-0.7351,Sun Nov 05 21:32:03 +0000 2017,0.267,0.733,0.0,"ü§¶üòÇ @LiamPayne &amp; @gregjames, a fake moustache and a lift. What could possibly go wrong? #SLFN is on @BBCiPlayer now.‚Ä¶ https://t.co/wA9yBPWNHQ",1,@BBC
0.5574,Sun Nov 05 20:49:53 +0000 2017,0.0,0.825,0.175,"RT @BBCOne: Q: How many tickles does it take to make a squid laugh?
A: Ten tickles. 

#BluePlanet2 https://t.co/fhKPOUBp5U",2,@BBC
0.3818,Sun Nov 05 20:47:59 +0000 2017,0.109,0.714,0.176,RT @bbcstrictly: That shock result has left us spinning. RT to show your love for @AstonMerrygold and @JManrara üíñ https://t.co/KJVszLhB2k,3,@BBC
0.2732,Sun Nov 05 20:46:18 +0000 2017,0.0,0.826,0.174,"RT @BBCTwo: Well, you don't see that every day... #RobotWars https://t.co/sLq92M7mqY",4,@BBC
0.4404,Sun Nov 05 20:46:10 +0000 2017,0.0,0.707,0.293,RT @BBCOne: Can‚Äôt beat a good accessory. üëë #BluePlanet2 https://t.co/mRZZEdwmlO,5,@BBC
0.5574,Sun Nov 05 20:46:01 +0000 2017,0.0,0.825,0.175,RT @BBCPanorama: Watch our #paradisepapers investigation into the offshore secrets of the rich &amp; famous on iPlayer.  https://t.co/MIH4CMbhZ‚Ä¶,6,@BBC
-0.6705,Sun Nov 05 20:08:11 +0000 2017,0.191,0.809,0.0,"RT @BBCBreaking: At least 27 people killed in Texas church shooting, police commissioner in Sutherland Springs tells US media https://t.co/‚Ä¶",7,@BBC
0.0,Sun Nov 05 19:35:03 +0000 2017,0.0,1.0,0.0,üé• @LouisTheroux meets disaffected former members of the Church of Scientology. #MyScientologyMovie. Tonight at 9pm‚Ä¶ https://t.co/5hRLxriwiW,8,@BBC
-0.4215,Sun Nov 05 19:02:04 +0000 2017,0.203,0.797,0.0,When your other half cheats on you with #StrangerThings. üò° Via @BBCTheSocial. https://t.co/NOpHOfbIKb,9,@BBC
0.0,Sun Nov 05 18:31:08 +0000 2017,0.0,1.0,0.0,üòã Family favourites at their finest. Check out these recipes for 10 absolute classics. üëâ https://t.co/kFD6BsfO6q https://t.co/xw1Q5SYadk,10,@BBC
0.4939,Sun Nov 05 18:01:02 +0000 2017,0.0,0.758,0.242,Second hand smoke affects our pets too. üö≠üê∂ Via @BBCBreakfast. https://t.co/TCdA8m85dm,11,@BBC
0.0,Sun Nov 05 17:29:05 +0000 2017,0.0,1.0,0.0,It took more than 1 man on a single night to nearly change the course of British history. üî• #BonfireNight.‚Ä¶ https://t.co/RnzZm8yh9j,12,@BBC
0.0,Sun Nov 05 17:01:05 +0000 2017,0.0,1.0,0.0,"'It's one of those stories you think you know. Then you realise you just don't.'

Do you know the real‚Ä¶ https://t.co/M8np5ep1yz",13,@BBC
-0.1027,Sun Nov 05 16:30:06 +0000 2017,0.062,0.938,0.0,"üí∞ü•É How much would you pay for a cask of rare Scotch whisky? An anonymous buyer in Hong Kong just dropped ¬£285,000.‚Ä¶ https://t.co/ZzUInzNqEo",14,@BBC
0.0,Sun Nov 05 16:02:04 +0000 2017,0.0,1.0,0.0,"#PeakyBlinders series 4 returns to @BBCTwo, Wednesday 15th November at 9pm. https://t.co/lbVlyzhb4p",15,@BBC
0.0,Sun Nov 05 15:32:01 +0000 2017,0.0,1.0,0.0,"Tonight, #BluePlanet2 makes a groundbreaking journey to the depths of the ocean. 8pm on @BBCOne. üêü üê° üêô‚Ä¶ https://t.co/S3gcHqmTMf",16,@BBC
-0.3182,Sun Nov 05 15:00:21 +0000 2017,0.173,0.827,0.0,Moynaq: The port city that lost its water. üí¶ Via @BBC_Travel. https://t.co/Qr1ZLExpBb https://t.co/G8QxO8qAZ5,17,@BBC
0.3802,Sun Nov 05 14:30:05 +0000 2017,0.0,0.844,0.156,"Having a bonfire today? üî•
Make sure you think about the hedgehogs! Via @BBCSpringwatch.

More üëâ‚Ä¶ https://t.co/zbHOX6yl9O",18,@BBC
0.5994,Sun Nov 05 14:00:17 +0000 2017,0.0,0.782,0.218,From wild goats to woodland walks - here are your pictures of beautiful Scotland. üì∑ https://t.co/sv03yk0H76 https://t.co/KHKNGXcROU,19,@BBC
0.0,Sun Nov 05 13:30:06 +0000 2017,0.0,1.0,0.0,"Can @Joe_Sugg zip it for 30s? 
If chatting is your thing, how about a sponsored silence for #CiN? 
More ideas here‚Ä¶ https://t.co/OPA2UMuuPZ",20,@BBC
0.0,Sun Nov 05 13:00:08 +0000 2017,0.0,1.0,0.0,Guy Fawkes: Why do bonfires still burn 400 years on? üî• #BonfireNight #GuyFawkesNight. https://t.co/dAKAZY4ZEX https://t.co/lsiivkKSgk,21,@BBC
0.0,Sun Nov 05 12:01:01 +0000 2017,0.0,1.0,0.0,üêô A group of octopuses were seen taking a leisurely stroll along a Ceredigion beach last Friday night. Via‚Ä¶ https://t.co/n3jq0oNT7J,22,@BBC
0.0772,Sun Nov 05 11:00:06 +0000 2017,0.0,0.942,0.058,üèôBy 2050 70% of the world's population will be living in cities. Time to radically rethink what we want from a city‚Ä¶ https://t.co/pz5xleBKWz,23,@BBC
-0.2349,Sun Nov 05 10:05:04 +0000 2017,0.096,0.852,0.052,"‚öΩÔ∏è‚úä When the boys wouldn't let them play football, these girls took matters into their own hands. Via @BBC100Women. https://t.co/0j68Wbrr3Z",24,@BBC
0.0,Sun Nov 05 09:30:26 +0000 2017,0.0,1.0,0.0,".@LindaRobson58, @tomallencomedy, @misJORGIEPORTER &amp; @OreOduba star in @GrumpyLGoodman's Partners in Rhyme:‚Ä¶ https://t.co/SLJlz8D01M",25,@BBC
0.0,Sun Nov 05 09:30:09 +0000 2017,0.0,1.0,0.0,"üé¨ From the new Pixar animation to Oscar-favourite coming-of-age stories, here are 10 films to watch this November.üëâ‚Ä¶ https://t.co/NqtcuUqOXN",26,@BBC
0.0,Sun Nov 05 09:24:59 +0000 2017,0.0,1.0,0.0,"RT @BBCWthrWatchers: Morning all! Only one way to start our Sunday and that's with a bit of ...

üéÜOooooooooo! üéÜ Aahhhhhhhhhh!üéÜ https://t.co‚Ä¶",27,@BBC
0.3818,Sun Nov 05 09:24:54 +0000 2017,0.0,0.822,0.178,"RT @BBCSpringwatch: Stunning capture of puffins at the Isle of May, Scotland. https://t.co/cBWxx9rQav",28,@BBC
0.2263,Sun Nov 05 09:24:48 +0000 2017,0.0,0.917,0.083,RT @BBCFood: Heading to the fireworks later? Put this in the slow cooker and warm up when you get home https://t.co/EPJfvmFkfS https://t.co‚Ä¶,29,@BBC
0.8316,Sun Nov 05 09:24:40 +0000 2017,0.0,0.729,0.271,"RT @bbcstrictly: Debbie‚Äôs Tango gets a remarkable reaction from Craig, and Ruth‚Äôs Paso doesn‚Äôt quite go to plan. Watch the best bits from #‚Ä¶",30,@BBC
0.0,Sun Nov 05 08:30:15 +0000 2017,0.0,1.0,0.0,üéáüéÜ Why do we have Bonfire Night and fireworks displays every November 5 in the UK? https://t.co/lYBHme3LJZ https://t.co/qln8Tk64FN,31,@BBC
0.7096,Sun Nov 05 08:01:01 +0000 2017,0.0,0.688,0.312,ü•öüç≥ Eggs for breakfast anyone? @Nigella_Lawson shares her secret for poached perfection. Via @BBC5Live. https://t.co/vnyAxh4gGU,32,@BBC
-0.2406,Sat Nov 04 21:24:11 +0000 2017,0.085,0.915,0.0,"RT @bbcmusic: ""What do you think of Chip N Pin House..?"" üòÜüòÇ
Did you miss last night's #SLFN with @LiamPayne?
Catch up üëâ https://t.co/6VxEw9‚Ä¶",33,@BBC
0.0,Sat Nov 04 21:03:00 +0000 2017,0.0,1.0,0.0,RT @bbcstrictly: The first 40 of #Strictly 2017! For @thedebbiemcgee and @pernicegiovann1! https://t.co/QOmbUBbH9U,34,@BBC
0.296,Sat Nov 04 20:03:04 +0000 2017,0.124,0.702,0.174,"Tonight, Josh is back and at his irritated best. @JoshWiddicombe: What Do I Do Now... 9pm on @BBCTwo. üòÇ‚Ä¶ https://t.co/Do2c1i94m7",35,@BBC
-0.8271,Sat Nov 04 19:30:01 +0000 2017,0.42,0.58,0.0,.@LouisTheroux spends time with those battling the psychiatric disorder with the highest death rate.‚Ä¶ https://t.co/2BHScuxQB5,36,@BBC
0.0,Sat Nov 04 18:54:03 +0000 2017,0.0,1.0,0.0,"Tonight, I Know Who You Are returns. 9pm on @BBCFour. https://t.co/DfGhcMNagW https://t.co/ecgQjgPaIx",37,@BBC
0.0772,Sat Nov 04 18:30:11 +0000 2017,0.086,0.817,0.097,ü•ï You don't have to spend lots of time peeling &amp; chopping to make moreish veggie meals. These are ready in no time.‚Ä¶ https://t.co/x8cDwQQVJd,38,@BBC
0.0,Sat Nov 04 18:01:03 +0000 2017,0.0,1.0,0.0,"üêùü¶ãüêõ 'Anything that flies &amp; crawls, I illustrate them.' ~ @RLewington2.
Via @BBCSpringwatch. https://t.co/o2fbgbTVBw",39,@BBC
-0.3182,Sat Nov 04 17:30:08 +0000 2017,0.173,0.827,0.0,"'I lost ¬£5,000 in 48 hours on fixed-odds betting machines.' https://t.co/8wIVhcOP7n https://t.co/D0GELRXjwe",40,@BBC
0.25,Sat Nov 04 17:00:04 +0000 2017,0.0,0.92,0.08,"Israa &amp; her family fled Syria in 2015. Now granted asylum in Germany, she‚Äôs rebuilt her life &amp; can go to school aga‚Ä¶ https://t.co/pTFFUJQ3Lj",41,@BBC
0.3612,Sat Nov 04 16:31:01 +0000 2017,0.073,0.777,0.15,"Pro surfer, Heidar Logi braves Iceland's freezing conditions to surf under the Northern Lights. üåäüèÑ Via‚Ä¶ https://t.co/6cPd5lVami",42,@BBC
0.7929,Sat Nov 04 16:00:06 +0000 2017,0.0,0.719,0.281,"What would you do if you won the lottery? Buy a house? Travel? 

Rachel Lapierre set up the charity, @LHumanitaire.‚Ä¶ https://t.co/Xu0ld6bBAn",43,@BBC
0.4877,Sat Nov 04 15:32:06 +0000 2017,0.0,0.843,0.157,"Amy Winehouse, @Adele, @LoyleCarner &amp; @EllaEyre all went to @TheBRITSchool. But it's more than just a fame academy.‚Ä¶ https://t.co/u4UL7qZKCr",44,@BBC
0.0,Sat Nov 04 15:00:12 +0000 2017,0.0,1.0,0.0,Trucker culture is dying with automation ‚Äì and with it millions of jobs. üöõ https://t.co/UgdVkYIbFU https://t.co/71XSYxlaZt,45,@BBC
0.5994,Sat Nov 04 14:53:43 +0000 2017,0.0,0.837,0.163,"RT @BBCMOTD: Peter Crouch = super sub.

His 15th goal as a sub.

Only Defoe (23), Kanu and Solskjaer (17) have more.

https://t.co/8UftsSAX‚Ä¶",46,@BBC
0.0,Sat Nov 04 14:53:11 +0000 2017,0.0,1.0,0.0,"RT @BBCSport: FT England 29-10 Lebanon

Get all the reaction on @BBCTwo &amp; @5liveSport Extra üëâ https://t.co/KklI8h3yma #RLWC2017 #bbcrl #ENG‚Ä¶",47,@BBC
0.0,Sat Nov 04 14:52:17 +0000 2017,0.0,1.0,0.0,"RT @BBCSport: Felipe Massa will retire from #F1  at the end of this season.

Find out moreüëâ https://t.co/STCmQnwvzK https://t.co/eSlDcW15wV",48,@BBC
0.4588,Sat Nov 04 14:44:58 +0000 2017,0.0,0.857,0.143,"RT @BBCOne: Welcome to the family business. 

@jginorton leads an all-star cast in #McMafia. Coming soon to @BBCOne. https://t.co/We5GwJk4i0",49,@BBC
0.0,Sat Nov 04 14:26:38 +0000 2017,0.0,1.0,0.0,RT @bbcthree: This barber reminds us how small actions can make a big difference. https://t.co/YelP68UZxh,50,@BBC
0.6369,Sat Nov 04 14:26:06 +0000 2017,0.0,0.846,0.154,"Did you know there‚Äôs a best time to eat, think &amp; do sport? It‚Äôs not just our brain's clock that keeps time for us.‚Ä¶ https://t.co/76BDqzsz7k",51,@BBC
-0.6249,Sat Nov 04 14:03:04 +0000 2017,0.362,0.638,0.0,Police discover a suspected 'WW2 bomb' is actually a big courgette. https://t.co/YyKrAVnycQ https://t.co/vdZnam8Bjt,52,@BBC
-0.3612,Sat Nov 04 13:30:07 +0000 2017,0.122,0.878,0.0,"'We have our stories, struggles &amp; power. We just need to be represented.' Meet the photographer reframing beauty.üì∏‚úä‚Ä¶ https://t.co/bPTmyHcNfy",53,@BBC
0.0,Sat Nov 04 13:03:09 +0000 2017,0.0,1.0,0.0,üöÄ ‚ú® Did you know that Disney is the largest consumer of fireworks in the world? More firework facts üëâ‚Ä¶ https://t.co/QLVen2LXWX,54,@BBC
0.0,Sat Nov 04 12:32:03 +0000 2017,0.0,1.0,0.0,Can‚Äôt get enough of #BluePlanet2? Take a deeper dive into the science of the show with this podcast. üëâ‚Ä¶ https://t.co/qhoRuQ0PXz,55,@BBC
-0.3182,Sat Nov 04 12:03:04 +0000 2017,0.119,0.881,0.0,"Twitter users were left confused after the name ""Sue"" was discovered etched into an Oxfordshire field. #WhoIsSue‚Ä¶ https://t.co/VZFnZ62n7A",56,@BBC
-0.25,Sat Nov 04 11:30:05 +0000 2017,0.172,0.693,0.135,"To celebrate Murder on the Orient Express hitting UK cinemas, here are seven train movies to set the pulse racing.‚Ä¶ https://t.co/PqTALE0vcn",57,@BBC
0.0,Sat Nov 04 11:01:02 +0000 2017,0.0,1.0,0.0,Someone has farted on @grahnort's sofa...but who was it? üòÇ (Via @BBCOne) https://t.co/zG2YvGvac9,58,@BBC
-0.1531,Sat Nov 04 10:30:05 +0000 2017,0.155,0.675,0.171,There remains intense interest in Ruan Lingyu &amp; the mystery surrounding her death. Who was the enigmatic film star?‚Ä¶ https://t.co/hFtAJiePry,59,@BBC
-0.1779,Sat Nov 04 09:30:04 +0000 2017,0.195,0.805,0.0,Gossip travels fast in Shetland. üòÇ Via @BBCTheSocial. https://t.co/vzZq1YZUYI,60,@BBC
0.8225,Sat Nov 04 09:24:21 +0000 2017,0.0,0.699,0.301,"RT @BBCCiN: The best brains in Britain are building life-changing solutions for children in the #CiN Big Life Fix special.

@BBCTwo‚Äã Wed 8t‚Ä¶",61,@BBC
0.4019,Sat Nov 04 09:23:31 +0000 2017,0.0,0.856,0.144,"RT @CBeebiesHQ: Whatever the weather, keep your kids entertained this #autumn with these 5 ideas...

üçÅüçÇ https://t.co/wT8oVaVYqg üôå

@HEYDUGG‚Ä¶",62,@BBC
0.7351,Sat Nov 04 09:22:39 +0000 2017,0.0,0.788,0.212,"RT @5liveSport: ""My kids saw me in a state that a kid should never see his Dad""

This is powerful stuff: 
Stiliyan Petrov on his brave batt‚Ä¶",63,@BBC
0.7644,Sat Nov 04 09:00:04 +0000 2017,0.0,0.645,0.355,"Happy 2nd birthday @BBCWthrWatchers! üéàüéâ
Keep those stunning photos rolling in. üì∏üå§ https://t.co/FOzCyLKlrB https://t.co/Tcy4xYfHWs",64,@BBC
0.0,Sat Nov 04 08:30:06 +0000 2017,0.0,1.0,0.0,The bloodworm is one of the many 'stars' to feature in a venomous animals exhibition at @NHM_London next week. üòµ‚Ä¶ https://t.co/XxCmXRBhSS,65,@BBC
0.5994,Sat Nov 04 08:03:01 +0000 2017,0.0,0.794,0.206,And...relax. Spend three minutes in the beautiful British countryside with this footage from @BBCSpringwatch's wild‚Ä¶ https://t.co/K3XJtvBbtW,66,@BBC
0.3744,Fri Nov 03 23:51:35 +0000 2017,0.0,0.811,0.189,"RT @bbcmusic: ""I'm more of a @CherylOfficial fan actually"" üòÇ

(Sorry @LiamPayne)

#SLFN https://t.co/MXxDilJSq3",67,@BBC
0.5719,Fri Nov 03 23:51:06 +0000 2017,0.0,0.764,0.236,"RT @BBCSport: The perfect recipe for an FA Cup classic.

#WinnerStaysOn #bbcfacup https://t.co/wP1fszdCvU",68,@BBC
0.0,Fri Nov 03 23:50:05 +0000 2017,0.0,1.0,0.0,"RT @BBCNewsbeat: Beyonc√©, here's some advice from the cast of The Lion King musical in London ü¶Å

""Try not to outshine [the rest of the cast‚Ä¶",69,@BBC
-0.5994,Fri Nov 03 19:31:04 +0000 2017,0.206,0.794,0.0,"In childbirth, a simple light can be the difference between life &amp; death. üí°#BBCInnovators #SoCent @BBCWorldService.‚Ä¶ https://t.co/mNFqNg0glJ",70,@BBC
-0.6249,Fri Nov 03 19:05:01 +0000 2017,0.24,0.76,0.0,"'When I Google @Harry_Styles worst outfit, it's all the same picture'. üòÇ Watch #HarryStylesAtTheBBC üëâ‚Ä¶ https://t.co/UjOJ1LcyQt",71,@BBC
-0.2942,Fri Nov 03 18:30:08 +0000 2017,0.144,0.856,0.0,"ü•êüéÑ‚ú® Forget about the Cronut, a mince pie croissant is coming for Christmas! 
https://t.co/mrTI8CLn2r https://t.co/7BYkA8Vv3n",72,@BBC
-0.6369,Fri Nov 03 18:01:04 +0000 2017,0.259,0.741,0.0,What drives someone to send abusive messages to a stranger online? Via @BBCTheSocial. https://t.co/Cxo8DuEtG6,73,@BBC
0.3818,Fri Nov 03 17:31:05 +0000 2017,0.0,0.843,0.157,"If women suddenly became physically stronger than men, how would society change? üí™üë© https://t.co/qwZ5idgRsX https://t.co/zoJH7Pf6fm",74,@BBC
0.0,Fri Nov 03 17:03:04 +0000 2017,0.0,1.0,0.0,"üì∫ üëÄ @EdSheeran, @LiamGallagher and @BigNarstie to appear on Celebrity Gogglebox. https://t.co/Fh0SK8VjP4 https://t.co/6re7dX2vf3",75,@BBC
0.0,Fri Nov 03 17:01:02 +0000 2017,0.0,1.0,0.0,Jumping into the weekend like... #FridayFeeling https://t.co/Bn7SDR8280,76,@BBC
0.7906,Fri Nov 03 16:32:04 +0000 2017,0.0,0.708,0.292,üçü From @Harry_Styles' love of Sister Act to the way he likes his chips: what we learned from #HarryStylesAtTheBBC.‚Ä¶ https://t.co/zHLFRFTXoh,77,@BBC
0.0,Fri Nov 03 16:01:05 +0000 2017,0.0,1.0,0.0,"There's still time to catch up on last week's #SLFN ahead of tonight's show, guest-hosted by @LiamPayne! üôåüòç
Watch üëâ‚Ä¶ https://t.co/gvwjlpjsVJ",78,@BBC
0.3612,Fri Nov 03 15:25:06 +0000 2017,0.0,0.839,0.161,Ready to watch @Harry_Styles' show again? Us too. üôå üíú #HarryStylesAtTheBBC is on @BBCiPlayer now.‚Ä¶ https://t.co/V3VkJHKToA,79,@BBC
0.4019,Fri Nov 03 15:09:46 +0000 2017,0.0,0.863,0.137,"RT @bbcpress: Helena Bonham Carter narrates #SayingGoodbye, a special film for #CiN to shed a light on Childhood Bereavement: https://t.co/‚Ä¶",80,@BBC
0.0,Fri Nov 03 14:05:17 +0000 2017,0.0,1.0,0.0,"RT @BBCSpringwatch: Remember, you can catch up with #Autumnwatch for the next few weeks
https://t.co/U7yr1lnpLm https://t.co/B1diCYr9zG",81,@BBC
0.6439,Fri Nov 03 14:04:55 +0000 2017,0.0,0.653,0.347,"RT @bbcmusic: üôå @LiamPayne we are SO READY üòç
#SLFN https://t.co/GWU3xAKmpq",82,@BBC
0.8658,Fri Nov 03 14:04:50 +0000 2017,0.0,0.662,0.338,"RT @1Xtra: We've got the awesome @MayaJama for the 1st time üòµ in for @YasminEvans till 16:00 you lucky lucky people üíù

üôèüèæ  https://t.co/xZV‚Ä¶",83,@BBC
0.0,Fri Nov 03 14:04:46 +0000 2017,0.0,1.0,0.0,"RT @BBCTwo: Before the #PeakyBlinders return for Series 4, take an animated walk through the story so far... üòç https://t.co/3JhEYPsOTc",84,@BBC
0.0,Fri Nov 03 14:04:10 +0000 2017,0.0,1.0,0.0,In pictures: here's how the weather looked around the world this week. üåßüçÇüåó https://t.co/vYCLWW9pu1 https://t.co/KBg4tRImNB,85,@BBC
0.0,Fri Nov 03 13:33:03 +0000 2017,0.0,1.0,0.0,"Scientists think that we've been wearing shoes for 40,000 years. Where did the different styles of shoes start? üë†‚Ä¶ https://t.co/rjLMvh8WmF",86,@BBC
0.4215,Fri Nov 03 13:03:09 +0000 2017,0.0,0.865,0.135,"From #PeakyBlinders to Margaret Atwood adaptation Alias Grace, here are ten TV shows to watch this month. üì∫üçÅ‚òïÔ∏è‚Ä¶ https://t.co/iiUdktBMcl",87,@BBC
-0.4215,Fri Nov 03 12:32:01 +0000 2017,0.236,0.632,0.132,Could this be the solution to Nairobi's housing crisis? Via BBC Minute. https://t.co/tcBiUVvxQ4,88,@BBC
0.34,Fri Nov 03 12:05:03 +0000 2017,0.0,0.844,0.156,Introducing AquaSonic: The concert where musicians sing and play instruments underwater. üé∂üíß https://t.co/Xbrgxyv8mX https://t.co/pibmjQ9vW3,89,@BBC
0.0,Fri Nov 03 11:04:05 +0000 2017,0.0,1.0,0.0,Melted cheese ‚úîÔ∏è Pickle ‚úîÔ∏è Russian dressing ‚úîÔ∏è Introducing: The @HairyBikers' Reuben sandwich.‚Ä¶ https://t.co/kBSkwbRgSz,90,@BBC
0.0,Fri Nov 03 10:29:02 +0000 2017,0.0,1.0,0.0,"üìÄ @KatieMelua to release @BBCCiN's official 2017 single, ‚ÄòFields of Gold‚Äô. https://t.co/r5ihzBuvJS #CiN 

More ‚û°Ô∏è‚Ä¶ https://t.co/D3Q9JEDnYc",91,@BBC
0.3612,Fri Nov 03 09:43:00 +0000 2017,0.0,0.884,0.116,"RT @BBCSport: Even. More. Live. Sport. üëè

Get ready for 1000 extra hours of live streaming on #BBCSPORT in 2018. https://t.co/91Uz5zo9nt",92,@BBC
0.1511,Fri Nov 03 09:37:08 +0000 2017,0.0,0.923,0.077,"RT @bbcpress: We'll tell you what we want, what we really, really want... @GeriHalliwell on Saturday night TV! https://t.co/4G7WzQgSls http‚Ä¶",93,@BBC
0.7906,Fri Nov 03 09:36:17 +0000 2017,0.0,0.632,0.368,RT @BBCRadio2: Thanks @liamgallagher for an awesome In Concert Performance. As You Were. https://t.co/RIbPXt0SHT,94,@BBC
-0.8126,Fri Nov 03 09:35:04 +0000 2017,0.27,0.73,0.0,"RT @BBCR1: ""I hate saying the word 'dumped'... I got... 'let go'""

Totally using 'let go' to describe all our heartbreak now @SamSmithWorld‚Ä¶",95,@BBC
-0.3595,Fri Nov 03 09:34:25 +0000 2017,0.102,0.898,0.0,"RT @BBCRadio2: No need for scissors! ‚úÇÔ∏è As you were...
@liamgallagher's full gig is now available to watch on the Red Button...
#R2InConcer‚Ä¶",96,@BBC
0.0,Fri Nov 03 09:34:04 +0000 2017,0.0,1.0,0.0,"RT @bbcmusic: ‚ö°Ô∏è #HarryStylesAtTheBBC was everything we dreamed of and more üíï‚Äù

https://t.co/3GiJNH6ldv",97,@BBC
0.0,Fri Nov 03 09:30:10 +0000 2017,0.0,1.0,0.0,üí¶ü¶à Sir David Attenborough is back on Sunday night bringing us more #BluePlanet2 action. Check out what's in store.‚Ä¶ https://t.co/fgC3IFbybm,98,@BBC
-0.5848,Fri Nov 03 08:59:03 +0000 2017,0.159,0.841,0.0,The village that shall not be named! Saying the name of this hilltop town in Italy brings you bad luck.‚Ä¶ https://t.co/2oelVteA2q,99,@BBC
0.4199,Sun Nov 05 13:58:35 +0000 2017,0.0,0.872,0.128,Get ready for football! Stream NFL on CBS today w/ #CBSAllAccess (not available on mobile phones). Try 1 week FREE:‚Ä¶ https://t.co/BJOWnqgBgc,0,@CBS
0.0,Sat Nov 04 20:00:02 +0000 2017,0.0,1.0,0.0,Stream the LSU Tigers at Alabama Crimson Tide LIVE tonight at 8PM ET! Try #CBSAllAccess FREE:‚Ä¶ https://t.co/L2k6pXwRIp,1,@CBS
0.0,Sat Nov 04 13:54:31 +0000 2017,0.0,1.0,0.0,Stream the South Carolina Gamecocks at Georgia Bulldogs LIVE today at 3:30PM ET! Try #CBSAllAccess FREE:‚Ä¶ https://t.co/f3nZLlh7Vv,2,@CBS
0.6166,Fri Nov 03 00:45:05 +0000 2017,0.0,0.776,0.224,Stream the season premiere of #LifeInPieces tonight at 9:30/8:30c with a FREE trial of #CBSAllAccess:‚Ä¶ https://t.co/FMHinKs6si,3,@CBS
0.0,Thu Nov 02 23:02:32 +0000 2017,0.0,1.0,0.0,RT @swatcbs: .@ShemarMoore takes command tonight on the series premiere of #SWAT at 10/9c on @CBS &amp; CBS All Access: https://t.co/ANyt4qF6iF‚Ä¶,4,@CBS
0.6514,Thu Nov 02 19:38:35 +0000 2017,0.0,0.797,0.203,It's almost time! Stream the series premiere of #SWAT tonight at 10/9c with a FREE trial of #CBSAllAccess:‚Ä¶ https://t.co/lpPKp9ayTJ,5,@CBS
0.6369,Thu Nov 02 17:38:03 +0000 2017,0.0,0.819,0.181,RT @CBSThisMorning: Listen to @IainLoveTheatre chat w/ @Mistahwax about making @YoungSheldonCBS his own + his love for Broadway &amp; magic: ht‚Ä¶,6,@CBS
0.6514,Thu Nov 02 16:47:35 +0000 2017,0.0,0.806,0.194,The ladies are back! Stream the season premiere of #Mom tonight at 9/8c with a FREE trial of #CBSAllAccess:‚Ä¶ https://t.co/y4vL5wMSEM,7,@CBS
0.0,Thu Nov 02 10:09:01 +0000 2017,0.0,1.0,0.0,"Buffalo viewers: Due to NFL, stream the CBS lineup on-demand at https://t.co/bbQB95EVxJ tonight. For more:‚Ä¶ https://t.co/u9U9P7Ggqq",8,@CBS
0.0,Thu Nov 02 10:08:01 +0000 2017,0.0,1.0,0.0,"NYC viewers ONLY: Due to NFL, tune in to WLNY for CBS Thursday night lineup, or stream on https://t.co/2XNQAg6gJ6 l‚Ä¶ https://t.co/LHJahNFRi3",9,@CBS
0.0,Thu Nov 02 00:24:36 +0000 2017,0.0,1.0,0.0,"Buffalo viewers ONLY: Due to NFL, stream CBS Thursday night lineup on-demand at https://t.co/bbQB95Wwph. For more:‚Ä¶ https://t.co/Fzpq2sTzqY",10,@CBS
0.0,Thu Nov 02 00:19:17 +0000 2017,0.0,1.0,0.0,"NYC viewers ONLY: Due to NFL, tune in to WLNY for CBS Thursday night lineup, or stream on https://t.co/2XNQAgnRAE l‚Ä¶ https://t.co/fnwck6n2uv",11,@CBS
0.0,Wed Nov 01 17:07:30 +0000 2017,0.0,1.0,0.0,"RT @ManWithAPlan: Hi-five, fans! #ManWithAPlan will premiere Monday, Nov. 13 at 8:30/7:30c on @CBS!üñêüèº https://t.co/njrMa5S6Qz",12,@CBS
0.8932,Wed Nov 01 00:56:34 +0000 2017,0.05,0.457,0.494,Ready to trick or treat! Celebrate tonight with Michael Jackson's Halloween special on CBS: https://t.co/T3hlVVTfSB‚Ä¶ https://t.co/e9ztbUeae0,13,@CBS
0.7959,Tue Oct 31 20:09:21 +0000 2017,0.0,0.608,0.392,Happy #Halloween! Grab your friends and watch Michael Jackson's Halloween tonight: https://t.co/T3hlVVTfSB‚Ä¶ https://t.co/Kg5bxNqwTp,14,@CBS
0.7574,Tue Oct 31 17:01:24 +0000 2017,0.071,0.533,0.396,Trick or treat. üéÉ Happy Halloween! Catch up on #MJHalloween now:  https://t.co/T3hlVVTfSB https://t.co/DMyE1q4scs,15,@CBS
0.6124,Tue Oct 31 17:00:06 +0000 2017,0.0,0.737,0.263,RT @swatcbs: Get ready for a thrill ride this Thursday with the series premiere of #SWAT. https://t.co/xz92zXp6kR,16,@CBS
0.6996,Tue Oct 31 14:00:01 +0000 2017,0.0,0.734,0.266,Join the fun with Jim Parsons as Hay Man in Michael Jackson's Halloween! Watch the full special:‚Ä¶ https://t.co/Y1FKFnRd0p,17,@CBS
0.0572,Mon Oct 30 22:44:05 +0000 2017,0.05,0.892,0.059,RT @SuperiorDonuts: You won't want to miss the #SuperiorDonuts Season 2 premiere tonight at its new time: 9/8c on CBS &amp; CBS All Access: htt‚Ä¶,18,@CBS
0.2732,Mon Oct 30 22:41:43 +0000 2017,0.0,0.89,0.11,RT @SuperiorDonuts: Should we blindfold @jermaineFOWLER and see how well he can guess the flavor of donuts? #SuperiorDonuts,19,@CBS
0.0,Mon Oct 30 20:00:52 +0000 2017,0.0,1.0,0.0,RT @swatcbs: Sometimes following the rules &amp; doing what's right isn't always the same thing. #SWAT premieres this Thursday at 10/9c on @CBS‚Ä¶,20,@CBS
0.0,Mon Oct 30 20:00:46 +0000 2017,0.0,1.0,0.0,RT @swatcbs: Start breaking down some doors in three days with the series premiere of #SWAT. https://t.co/X8OTd8OE9y,21,@CBS
0.2481,Mon Oct 30 19:05:46 +0000 2017,0.0,0.889,0.111,Find out if Vincent &amp; Victoria will escape Meriwether on Michael Jackson's Halloween! Watch it now:‚Ä¶ https://t.co/dqNk6OZ1XJ,22,@CBS
0.3612,Mon Oct 30 16:32:38 +0000 2017,0.0,0.884,0.116,"RT @NoActivityCBS: #NoActivity is a new CBS All Access comedy from‚Äã ‚ÄãWill Ferrell, Adam McKay &amp; @funnyordie. Contains explicit language int‚Ä¶",23,@CBS
0.1139,Mon Oct 30 16:08:57 +0000 2017,0.0,0.917,0.083,"Don't miss @KelseaBallerini headline #TheThanksgivingDayParade on CBS, live from New York City on Thurs, Nov. 23.‚Ä¶ https://t.co/ig74zfxFPy",24,@CBS
0.3612,Mon Oct 30 01:11:11 +0000 2017,0.0,0.872,0.128,RT @startrekcbs: Get ready to experience some major d√©j√† vu. Episode 7 of #StarTrekDiscovery is now streaming: https://t.co/dz1lwvT52d http‚Ä¶,25,@CBS
-0.2263,Sun Oct 29 23:38:17 +0000 2017,0.091,0.909,0.0,"#CBS is delayed 29 minutes in New York City, Philly, NOLA &amp; parts of Louisiana, Atlanta, Charlotte, Tampa, Chicago,‚Ä¶ https://t.co/ZM9bTTgxYE",26,@CBS
-0.1759,Sun Oct 29 14:00:07 +0000 2017,0.161,0.711,0.128,These moves are dangerous! Get groovy with Michael Jackson's Halloween and watch the full special now:‚Ä¶ https://t.co/TrMJgeyOX4,27,@CBS
0.4738,Sun Oct 29 12:54:33 +0000 2017,0.0,0.86,0.14,Get ready for football! Stream NFL on CBS today w/ #CBSAllAccess (not available on mobile phones). Try 1 week FREE!‚Ä¶ https://t.co/URKV4PPKvp,28,@CBS
-0.4096,Sat Oct 28 16:29:44 +0000 2017,0.189,0.811,0.0,Vincent can't help but dream big on Michael Jackson's Halloween. Catch up on the full animated special:‚Ä¶ https://t.co/fDbgzo8nrV,29,@CBS
0.0,Sat Oct 28 14:36:39 +0000 2017,0.0,1.0,0.0,Stream the #3 Georgia Bulldogs @ Florida Gators LIVE today at 3:30PM ET! Try #CBSAllAccess FREE:‚Ä¶ https://t.co/ULrmutB6Ml,30,@CBS
0.4574,Sat Oct 28 04:48:22 +0000 2017,0.0,0.842,0.158,"Michael Jackson's Halloween will enchant you with music, magic &amp; more! Watch the full special now:‚Ä¶ https://t.co/lgzleI955w",31,@CBS
0.5562,Sat Oct 28 00:58:16 +0000 2017,0.0,0.834,0.166,The Halloween fun isn‚Äôt over for @lucastill and George Eads. Tune in to a spooky episode of #MacGyver now! https://t.co/nJePYNhmUa,32,@CBS
0.0,Sat Oct 28 00:53:51 +0000 2017,0.0,1.0,0.0,‚ÄúMusic must be the answer!‚Äù #MJHalloween https://t.co/t4UTfizfIn,33,@CBS
-0.128,Sat Oct 28 00:35:11 +0000 2017,0.13,0.87,0.0,There are plenty of tricks hidden in this hotel. #MJHalloween https://t.co/vQAHVXU4Ai,34,@CBS
0.0,Sat Oct 28 00:17:16 +0000 2017,0.0,1.0,0.0,That pumpkin‚Äôs got some moves! #MJHalloween https://t.co/o7oaRSXzmb,35,@CBS
0.69,Sat Oct 28 00:00:37 +0000 2017,0.0,0.76,0.24,"Sit back, relax and get ready to dance. Michael Jackson‚Äôs Halloween starts now on CBS and CBS All Access!‚Ä¶ https://t.co/NkswtPMtzp",36,@CBS
0.4843,Fri Oct 27 21:00:06 +0000 2017,0.0,0.804,0.196,Don't miss tonight's animated special with the King of Pop's most memorable hits.üé∂  Watch #MJHalloween @ 8/7c on CB‚Ä¶ https://t.co/NQGZobg2gg,37,@CBS
0.636,Fri Oct 27 19:00:04 +0000 2017,0.12,0.564,0.316,"Tonight, get ready for a scary good time! Watch a sneak peek from the new animated special, Michael Jackson's Hallo‚Ä¶ https://t.co/PxILZmCl4e",38,@CBS
-0.128,Fri Oct 27 18:57:41 +0000 2017,0.07,0.93,0.0,"RT @swatcbs: When lives hang in the balance, can you make the tough decisions? Find out with #SWAT Split-Second Decision: https://t.co/dO2V‚Ä¶",39,@CBS
-0.128,Fri Oct 27 16:00:07 +0000 2017,0.159,0.661,0.181,"Find out if Vincent, played by @lucastill, will escape the villain Conformity in Michael Jackson's Halloween tonigh‚Ä¶ https://t.co/KPaug90mCg",40,@CBS
0.4963,Fri Oct 27 12:15:03 +0000 2017,0.059,0.726,0.215,It's a spooktacular special you won't want to miss! Here's how you can watch Michael Jackson's Halloween tonight:‚Ä¶ https://t.co/3sp68DgUr3,41,@CBS
0.0,Thu Oct 26 21:47:24 +0000 2017,0.0,1.0,0.0,"Tomorrow, the music of Michael Jackson will cast its spell! Take a sneak peek at Michael Jackson's Halloween, Frida‚Ä¶ https://t.co/ewuRYHSICA",42,@CBS
0.3612,Thu Oct 26 21:44:54 +0000 2017,0.0,0.865,0.135,"Get ready for Thursdays to give you more @bigbangtheory, @YoungSheldon, @LifeInPiecesCBS, @MomCBS, &amp; more Moore in‚Ä¶ https://t.co/sdqF0Ut5Fx",43,@CBS
0.0,Thu Oct 26 20:54:18 +0000 2017,0.0,1.0,0.0,Stream the Miami Dolphins @ Baltimore Ravens LIVE tonight at 8:25PM ET! Try #CBSAllAccess FREE:‚Ä¶ https://t.co/Otdn3QkHbG,44,@CBS
0.4019,Thu Oct 26 18:19:42 +0000 2017,0.0,0.87,0.13,"Tomorrow, meet Christine Baranski as Ms. Grau in the new animated special, Michael Jackson's Halloween. Tune in Fri‚Ä¶ https://t.co/jmnidjSm6r",45,@CBS
0.765,Thu Oct 26 16:00:05 +0000 2017,0.0,0.694,0.306,"üé∂@BigBangTheory's Jim Parsons is thrilled to celebrate ""the soundtrack to his life"" with Michael Jackson's Hallowee‚Ä¶ https://t.co/0Lgxyqnpxq",46,@CBS
0.4019,Wed Oct 25 20:03:30 +0000 2017,0.0,0.87,0.13,".@MacgyverCBS' George Eads stars in the new animated special, Michael Jackson's Halloween, this Friday at 8/7c on C‚Ä¶ https://t.co/xo6JsH3bZB",47,@CBS
0.4019,Wed Oct 25 16:23:39 +0000 2017,0.0,0.87,0.13,The stakes were high when #Bull stepped in to help his college roommate. Watch the latest episode now:‚Ä¶ https://t.co/7dAjcF4eL4,48,@CBS
0.0,Wed Oct 25 16:00:04 +0000 2017,0.0,1.0,0.0,"Brad Garrett, @KierseyClemons, Jim Parsons &amp; more! Meet the famous voices behind Michael Jackson's Halloween:‚Ä¶ https://t.co/LKYCZpkBJz",49,@CBS
0.4019,Tue Oct 24 21:00:03 +0000 2017,0.0,0.847,0.153,"In three days, @TheGoodWife_CBS' @AlanCumming stars as Meriwether in the animated special Michael Jackson's Hallowe‚Ä¶ https://t.co/WKiPdQ6Peq",50,@CBS
0.4019,Tue Oct 24 19:02:04 +0000 2017,0.0,0.87,0.13,"Dance the night away this Friday with the new animated special, Michael Jackson's Halloween at 8/7c on CBS.‚Ä¶ https://t.co/VsaIxJv7Jl",51,@CBS
0.5719,Tue Oct 24 17:59:33 +0000 2017,0.0,0.749,0.251,"This Friday, @MacgyverCBS' @LucasTill plays Vincent in the animated special Michael Jackson's Halloween. Don't miss‚Ä¶ https://t.co/Dg6w6yWevA",52,@CBS
0.0,Tue Oct 24 15:15:04 +0000 2017,0.0,1.0,0.0,RT @swatcbs: Buckle up for a S.W.A.T. mission in this 360-degree preview: https://t.co/kBadrj4rLE #SWAT https://t.co/gpXmoUgurf,53,@CBS
0.4574,Mon Oct 23 21:54:41 +0000 2017,0.0,0.824,0.176,Tonight the @latelateshow welcomes back @zanelowe and the latest @AppleMusic #UpNext artist -- @SabrinaClaudio! https://t.co/BSmDOayUXf,54,@CBS
-0.7096,Mon Oct 23 18:43:27 +0000 2017,0.296,0.704,0.0,".@Elementary_CBS' @LucyLiu stars as Conformity, the villain who forbids dancing, on this Friday's Michael Jackson's‚Ä¶ https://t.co/Lf6Y4Z0bcQ",55,@CBS
0.0,Sun Oct 22 23:54:28 +0000 2017,0.0,1.0,0.0,"For States of NY, parts of VT &amp; Maine  New Start Times: #60Minutes 7:36pmET #WisdomOfTheCrowd 8:36ET #NCISLA 9:36ET‚Ä¶ https://t.co/WxzNdfzR6n",56,@CBS
0.0,Sun Oct 22 23:54:04 +0000 2017,0.0,1.0,0.0,For most of East/Midwest New Start Times: #60Minutes 7:34pmET/6:34CT #WisdomOfTheCrowd 8:34ET/7:34CT #NCISLA 9:34ET‚Ä¶ https://t.co/EJKaVsJZ2K,57,@CBS
0.4199,Sun Oct 22 14:11:22 +0000 2017,0.0,0.872,0.128,Get ready for football! Stream NFL on CBS today w/ #CBSAllAccess (not available on mobile phones). Try 1 week FREE:‚Ä¶ https://t.co/Cu6sKlgjT6,58,@CBS
0.4019,Fri Oct 20 22:06:25 +0000 2017,0.0,0.881,0.119,Only 1 week left until you can meet @bigbangtheory's Jim Parsons as Hay Man on the new animated special Michael Jac‚Ä¶ https://t.co/rGPlUegVjC,59,@CBS
0.0,Fri Oct 20 18:29:58 +0000 2017,0.0,1.0,0.0,RT @swatcbs: Keep your phone locked and loaded with these #SWAT wallpapers: https://t.co/ff0efC5GPJ https://t.co/aRoB9005ur,60,@CBS
0.4588,Fri Oct 20 17:07:58 +0000 2017,0.0,0.833,0.167,RT @startrekcbs: The writers of #StarTrekDiscovery picked their favorite classic #StarTrek episodes: https://t.co/mM8V07fFdX What's your fa‚Ä¶,61,@CBS
0.5562,Thu Oct 19 23:43:00 +0000 2017,0.0,0.834,0.166,"Stream pilots of the new CBS shows for free on @Apple TV, @RokuPlayer &amp; @amazonfiretv! Find out more:‚Ä¶ https://t.co/zT0z4YMRw4",62,@CBS
0.0,Thu Oct 19 21:26:59 +0000 2017,0.0,1.0,0.0,Stream the Kansas City Chiefs @ Oakland Raiders LIVE tonight at 8:25PM ET (Not available on mobile phones):‚Ä¶ https://t.co/IxnmfZxjFi,63,@CBS
-0.4767,Thu Oct 19 20:57:53 +0000 2017,0.2,0.698,0.102,"RT @ScorpionCBS: No one should be bullied or called names simply for being who they are. Today, #TeamScorpion is going purple in honor of #‚Ä¶",64,@CBS
0.7579,Thu Oct 19 19:50:57 +0000 2017,0.0,0.681,0.319,"Get ready to go on an unexpected, magical adventure in the animated special Michael Jackson's Halloween on Friday,‚Ä¶ https://t.co/CQxmLmDvTy",65,@CBS
0.25,Thu Oct 19 18:59:01 +0000 2017,0.0,0.895,0.105,An advantage changed the course of last night's tribal council. Watch the latest episode of #Survivor now:‚Ä¶ https://t.co/zNBz4t39i6,66,@CBS
-0.2714,Thu Oct 19 18:26:42 +0000 2017,0.197,0.658,0.146,RT @swatcbs: #SWAT is proud to wear purple &amp; stand together against bullying on #SpiritDay! https://t.co/ch5h6DHLLE,67,@CBS
0.5837,Thu Oct 19 18:20:01 +0000 2017,0.0,0.76,0.24,RT @LifeInPiecesCBS: Laughter is coming your way! #LifeInPieces returns in TWO WEEKS! https://t.co/kvHTQA3Vlk,68,@CBS
0.0,Thu Oct 19 18:19:51 +0000 2017,0.0,1.0,0.0,RT @MomCBS: Do a little dance... #Mom returns in TWO WEEKS! https://t.co/qshl2F8ChX,69,@CBS
0.5994,Thu Oct 19 17:33:18 +0000 2017,0.0,0.776,0.224,.@MacgyverCBS's George Eads shares why you'll be moved by the ending of the new special Michael Jackson's Halloween‚Ä¶ https://t.co/MDpRaWKGUI,70,@CBS
-0.25,Thu Oct 19 17:31:23 +0000 2017,0.146,0.746,0.108,"RT @walliscw: Today is @glaad #SpiritDay, a day reminding us that EVERY day is a good day to speak out against LGBTQ bullying. @MadamSecret‚Ä¶",71,@CBS
0.69,Thu Oct 19 17:31:09 +0000 2017,0.128,0.558,0.315,RT @marythechief: Thnx 2 my beautiful friend &amp; advocate @wcruz73 I just took @glaad ‚Äòs #SpiritDay pledge against bullying! Join me at https‚Ä¶,72,@CBS
-0.3595,Thu Oct 19 17:31:07 +0000 2017,0.175,0.712,0.113,RT @wcruz73: It‚Äôs #SpiritDay! Show your support for LGBTQ youth today by standing against bullying. @glaad @glsenofficial ‚úäüèΩ‚ù§Ô∏èüè≥Ô∏è‚Äçüåà https://‚Ä¶,73,@CBS
-0.743,Thu Oct 19 14:36:38 +0000 2017,0.27,0.73,0.0,RT @MomCBS: No one should be bullied or called names simply for being who they are. #SpiritDay #Mom https://t.co/3xuyKIXpPS,74,@CBS
-0.743,Thu Oct 19 14:35:32 +0000 2017,0.27,0.73,0.0,RT @CodeBlackCBS: No one should be bullied or called names simply for being who they are. #SpiritDay #CodeBlack https://t.co/JuAQvXFaVa,75,@CBS
-0.743,Thu Oct 19 14:35:16 +0000 2017,0.296,0.704,0.0,RT @PriceIsRight: No one should be bullied or called names simply for who they are. #SpiritDay https://t.co/P1X3VUveOL,76,@CBS
-0.743,Thu Oct 19 14:33:12 +0000 2017,0.208,0.792,0.0,"RT @9JKLCBS: No one should be bullied or called names simply for being who they are. Today, the cast of #9JKL is wearing purple for #Spirit‚Ä¶",77,@CBS
0.7569,Thu Oct 19 00:17:00 +0000 2017,0.0,0.746,0.254,RT @SalvationCBS: #Salvation is renewed for Season 2! Congrats to the cast and crew. More thrills coming Summer 2018. ‚òÑÔ∏è#SalvationCBS https‚Ä¶,78,@CBS
0.6369,Wed Oct 18 20:56:39 +0000 2017,0.0,0.819,0.181,"RT @SuperiorDonuts: What's life without a few sprinkles and a lot of love? üç© #SuperiorDonuts Season 2 premieres on Mon, Oct 30 at 9:30/8:30‚Ä¶",79,@CBS
0.0,Wed Oct 18 20:55:01 +0000 2017,0.0,1.0,0.0,Check out some of the hottest hook ups in #Survivor history before tonight's all-new episode:‚Ä¶ https://t.co/qpM4bcJZj1,80,@CBS
0.0,Wed Oct 18 16:12:32 +0000 2017,0.0,1.0,0.0,RT @ManWithAPlan: The cast of #ManWithAPlan is on set and gearing up for Season 2! See what they've been up to: https://t.co/j6J2tUCIlj htt‚Ä¶,81,@CBS
0.0,Tue Oct 17 21:50:42 +0000 2017,0.0,1.0,0.0,It was a wedding to remember on last night's #KevinCanWait. Catch up now: https://t.co/gbLTSN8UEa https://t.co/Ex0bFLgXGT,82,@CBS
0.6369,Tue Oct 17 18:14:21 +0000 2017,0.0,0.802,0.198,RT @CrimMinds_CBS: 17 quotes that made us fall in love with Dr. Spencer Reid: https://t.co/HveiMl7u3T #CriminalMinds #Throwback https://t.c‚Ä¶,83,@CBS
0.1867,Mon Oct 16 21:46:48 +0000 2017,0.0,0.916,0.084,RT @bigbangtheory: Let the bonding begin! Don't miss a new #BigBangTheory tonight at 8/7c on CBS and CBS All Access: https://t.co/w2qdwJRrq‚Ä¶,84,@CBS
0.4019,Mon Oct 16 15:39:01 +0000 2017,0.0,0.87,0.13,Deeks and Kensi talk about their desire to have kids on the latest #NCISLA. Catch up now: https://t.co/sY7OJD11rX https://t.co/Bhy2V5p1za,85,@CBS
-0.5106,Mon Oct 16 00:33:40 +0000 2017,0.171,0.829,0.0,RT @startrekcbs: Choose your pain. Episode 5 of #StarTrekDiscovery is now streaming on CBS All Access: https://t.co/1pZIWRqZ3n https://t.co‚Ä¶,86,@CBS
0.7798,Sun Oct 15 13:26:47 +0000 2017,0.0,0.701,0.299,Get ready for football! Stream NFL on CBS today w/ #CBSAllAccess. Try 1 week FREE: https://t.co/2KiDxyfBfU (Not ava‚Ä¶ https://t.co/6o85UJvyLf,87,@CBS
0.6514,Sat Oct 14 13:56:58 +0000 2017,0.0,0.787,0.213,Stream the #10 Auburn Tigers @ LSU Tigers LIVE today at 3:30PM ET! Try #CBSAllAccess FREE: https://t.co/FKBoknACdr https://t.co/gM5DQCN2GL,88,@CBS
0.0,Sat Oct 14 00:26:38 +0000 2017,0.0,1.0,0.0,RT @NCIS_CBS: Spend your weekend with the #NCIS team. Stream the latest full episode: https://t.co/fQ3ymaBKP8 https://t.co/LJTmTOhUvB,89,@CBS
0.6103,Thu Oct 12 23:48:27 +0000 2017,0.0,0.827,0.173,RT @SEALTeamCBS: Congrats to the cast &amp; crew of #SEALTeam for receiving a full season order! üôå Wheels up! https://t.co/iYemHdb6Dh üá∫üá∏ https:‚Ä¶,90,@CBS
0.0,Thu Oct 12 20:55:05 +0000 2017,0.0,1.0,0.0,RT @NCISLA: Have you seen the latest #NCISLA? Stream it now: https://t.co/nsjhRcwy84 https://t.co/FMQ4UqLgdm,91,@CBS
0.0,Thu Oct 12 18:03:41 +0000 2017,0.0,1.0,0.0,Stream the Philadelphia Eagles @ Carolina Panthers LIVE tonight at 8:25PM ET! Try #CBSAllAccess FREE:‚Ä¶ https://t.co/vIaCChwfCv,92,@CBS
0.5093,Thu Oct 12 15:08:16 +0000 2017,0.0,0.845,0.155,"Broadway's Biggest Night returns to CBS! The 72nd Annual Tony¬Æ Awards will air live on June 10, 2018:‚Ä¶ https://t.co/9xNYSzea6a",93,@CBS
0.0629,Wed Oct 11 21:13:49 +0000 2017,0.053,0.883,0.064,RT @survivorcbs: Tonight's #Survivor will leave you speechless. Don't miss an all-new episode tonight @ 8/7c on CBS &amp; CBS All Access: https‚Ä¶,94,@CBS
0.0,Tue Oct 10 18:22:42 +0000 2017,0.0,1.0,0.0,Josh was on a mission to have his first one-night stand on the latest episode of #9JKL. Catch up now:‚Ä¶ https://t.co/ugKUMJRjbz,95,@CBS
0.891,Tue Oct 10 13:47:55 +0000 2017,0.0,0.602,0.398,"Celebrate 59 years of music memories at 'GRAMMYS¬Æ Greatest Stories: A 60th Anniversary Special' Fri, Nov. 24 on CBS‚Ä¶ https://t.co/3oYzJq9UH0",96,@CBS
0.6114,Tue Oct 10 00:35:23 +0000 2017,0.0,0.737,0.263,RT @9JKLCBS: The cast is ready! Join them as they live tweet tonight‚Äôs all-new episode. https://t.co/Gu3Whd4Zwz,97,@CBS
-0.4767,Mon Oct 09 21:54:20 +0000 2017,0.129,0.871,0.0,"RT @MadamSecretary: Elizabeth is caught in the middle of a ""fake news"" story on the season premiere of #MadamSecretary. Stream it now: http‚Ä¶",98,@CBS
0.0,Mon Oct 09 00:34:36 +0000 2017,0.0,1.0,0.0,RT @startrekcbs: Prepare to jump. Episode 4 of #StarTrekDiscovery is now streaming on CBS All Access: https://t.co/4H3FcqrGAi https://t.co/‚Ä¶,99,@CBS
-0.5859,Mon Nov 06 00:31:50 +0000 2017,0.255,0.745,0.0,"President Trump on Texas shooting: ‚ÄúThrough the tears and through the sadness, we stand strong‚Äù‚Ä¶ https://t.co/b8SsmU5o15",0,@CNN
-0.3182,Mon Nov 06 00:26:54 +0000 2017,0.119,0.881,0.0,President Trump: ‚ÄúAll of America is praying‚Äù for the victims of the mass shooting at a Texas church‚Ä¶ https://t.co/arFZbSmavm,1,@CNN
0.0,Mon Nov 06 00:20:45 +0000 2017,0.0,1.0,0.0,Pres. Trump is speaking for the first time since a mass shooting at a Texas church. Watch: https://t.co/UYpqI3esEb https://t.co/EbLJ9VIlo5,2,@CNN
-0.6486,Mon Nov 06 00:04:24 +0000 2017,0.193,0.807,0.0,"Texas gov. says 26 people dead in Sutherland Springs church shooting, the largest mass shooting in state‚Äôs history‚Ä¶ https://t.co/PRNPo0HrEM",3,@CNN
0.0,Sun Nov 05 23:54:26 +0000 2017,0.0,1.0,0.0,The tax bill unveiled by Republicans would eliminate a decades-old deduction for people with very high medical cost‚Ä¶ https://t.co/HyxYSUGVeK,4,@CNN
0.0,Sun Nov 05 23:40:20 +0000 2017,0.0,1.0,0.0,Trump opened the floodgates. Now Democratic women are running for office in record-breaking numbers.‚Ä¶ https://t.co/GajXkxGlFU,5,@CNN
-0.6597,Sun Nov 05 23:24:11 +0000 2017,0.216,0.784,0.0,"A biologic mechanism in yeast cells may explain the relationship between sugar and cancer, a new study suggests‚Ä¶ https://t.co/5OfEWlBEaw",6,@CNN
-0.8225,Sun Nov 05 23:09:05 +0000 2017,0.487,0.513,0.0,"ISIS claims responsibility for suicide attack in Yemen
https://t.co/wyBiKxFESm https://t.co/qYuUnxvQCh",7,@CNN
-0.6705,Sun Nov 05 22:54:06 +0000 2017,0.36,0.64,0.0,"Suicide bombers target mosque in Kirkuk, Iraq https://t.co/76y0E66C1J https://t.co/9EEzdWbYus",8,@CNN
-0.6705,Sun Nov 05 22:50:06 +0000 2017,0.191,0.809,0.0,The wife of First Baptist Church Pastor Frank Pomeroy says their teen daughter was killed in Texas church shooting‚Ä¶ https://t.co/wLEuUNeEM2,9,@CNN
-0.4215,Sun Nov 05 22:42:07 +0000 2017,0.237,0.763,0.0,British minister Damian Green denies computer pornography allegations https://t.co/cYV8znt9SG https://t.co/Iet4mk5JUE,10,@CNN
-0.4767,Sun Nov 05 22:37:37 +0000 2017,0.147,0.853,0.0,"Paul Manafort has 3 US passports and traveled to Mexico, China and Ecuador with a phone registered under a fake name https://t.co/rtthkDJ6Bk",11,@CNN
-0.7783,Sun Nov 05 22:26:57 +0000 2017,0.312,0.688,0.0,"A gunman opened fire at First Baptist Church in Sutherland Springs, Texas, killing at least 20 people‚Ä¶ https://t.co/Oox2vRZQfI",12,@CNN
0.25,Sun Nov 05 22:15:29 +0000 2017,0.122,0.698,0.18,"President Trump's approval rating hits historic low, according to Washington Post-ABC poll https://t.co/6qkh8fqW20 https://t.co/jZlFVAHSYX",13,@CNN
0.0,Sun Nov 05 22:01:52 +0000 2017,0.0,1.0,0.0,Reporter Ronan Farrow talks about the 'Weinstein effect' with @brianstelter on @ReliableSources‚Ä¶ https://t.co/t6awLTF2mY,14,@CNN
-0.4767,Sun Nov 05 21:49:13 +0000 2017,0.193,0.807,0.0,"A Utah nurse who was arrested for protecting her patient gets a $500,000 settlement https://t.co/4tsJk1FxiZ https://t.co/aGnzFMdqj3",15,@CNN
-0.6705,Sun Nov 05 21:26:31 +0000 2017,0.2,0.8,0.0,"At least 20 people killed in a church shooting in Sutherland Springs, Texas, according to the Wilson County sheriff‚Ä¶ https://t.co/tEnLYavRA5",16,@CNN
0.0,Sun Nov 05 21:09:59 +0000 2017,0.0,1.0,0.0,"University Hospital in San Antonio is treating 8 patients from the Sutherland Springs church shooting, says hospita‚Ä¶ https://t.co/4LG8ZXgbhx",17,@CNN
0.0,Sun Nov 05 20:39:23 +0000 2017,0.0,1.0,0.0,Texas Gov. Greg Abbot releases a statement on the shooting at First Baptist Church in Sutherland Springs‚Ä¶ https://t.co/TiwNGu2Pht,18,@CNN
-0.3818,Sun Nov 05 20:32:26 +0000 2017,0.157,0.843,0.0,"Sutherland Springs business owner on church shooting: ""It's just awful...there were emergency responders everywhere"" https://t.co/TYcC5jCX9m",19,@CNN
-0.8225,Sun Nov 05 20:31:34 +0000 2017,0.487,0.513,0.0,ISIS claims responsibility for a suicide attack in Yemen https://t.co/9ScXiQp7Sl https://t.co/cmAG9lNdTJ,20,@CNN
-0.3818,Sun Nov 05 20:28:24 +0000 2017,0.167,0.833,0.0,"Sutherland Springs resident on church shooting: ""It's just awful...there were emergency responders everywhere"" https://t.co/TYcC5jCX9m",21,@CNN
-0.1655,Sun Nov 05 20:15:57 +0000 2017,0.093,0.907,0.0,"Law enforcement have reported multiple victims at a Texas church, but have not said how many https://t.co/PGxqFieLyc https://t.co/pLNO4vE3sT",22,@CNN
0.4019,Sun Nov 05 20:13:59 +0000 2017,0.0,0.828,0.172,"President Trump tweets support for people of Sutherland Springs, Texas, after church shooting‚Ä¶ https://t.co/muJFcRBDWB",23,@CNN
-0.7579,Sun Nov 05 20:10:10 +0000 2017,0.302,0.698,0.0,"One suspect dead after reported shooting in Sutherland Springs, Texas, says Guadalupe Co. Sheriff's Office official‚Ä¶ https://t.co/s8KvNZh8t6",24,@CNN
-0.5106,Sun Nov 05 20:03:04 +0000 2017,0.26,0.628,0.112,"Local gas station owner tells @KayleeHartung that shots fired at Texas church ""sounded like a semiautomatic weapon"" https://t.co/D0EChgJtJm",25,@CNN
0.0,Sun Nov 05 20:02:45 +0000 2017,0.0,1.0,0.0,Catalan ex-President turns himself in to Belgian authorities https://t.co/vGBLL2A481 https://t.co/ghTN0dIGJw,26,@CNN
0.0,Sun Nov 05 19:58:37 +0000 2017,0.0,1.0,0.0,"House Minority Leader Nancy Pelosi: Must ""exhaust"" diplomatic options on North Korea
https://t.co/LNsBvUknTQ https://t.co/gKzSAd35cb",27,@CNN
0.0,Sun Nov 05 19:51:13 +0000 2017,0.0,1.0,0.0,"We're live in Sutherland Springs, Texas, over the scene of a reported shooting https://t.co/49AyTQsslP‚Ä¶ https://t.co/w8qiqXkRUA",28,@CNN
0.0,Sun Nov 05 19:50:56 +0000 2017,0.0,1.0,0.0,Trump and Putin are set to meet and discuss North Korea https://t.co/h72BD4cUjd https://t.co/7yqxZK8vit,29,@CNN
-0.5574,Sun Nov 05 19:43:18 +0000 2017,0.167,0.833,0.0,A witness at a gas station across from a Texas church said she heard 20 shots fired while a service was underway‚Ä¶ https://t.co/vGZKfABodU,30,@CNN
0.6124,Sun Nov 05 19:43:12 +0000 2017,0.0,0.625,0.375,"""Thor: Ragnarok"" is the 17th straight number one opening for Marvel https://t.co/IZ3SPgUSnW https://t.co/XpkmIiQRXW",31,@CNN
-0.6486,Sun Nov 05 19:39:11 +0000 2017,0.249,0.751,0.0,"County Sheriff says Sutherland Springs church gunman is dead, reports CNN's @kayleehartung https://t.co/ekxguNHIsH https://t.co/ZtfHBLc4PQ",32,@CNN
0.0,Sun Nov 05 19:38:18 +0000 2017,0.0,1.0,0.0,"BREAKING: The FBI is responding to the scene of a shooting outside San Antonio, Texas
https://t.co/ekxguNHIsH https://t.co/vRV1GzHgVx",33,@CNN
0.0,Sun Nov 05 19:35:39 +0000 2017,0.0,1.0,0.0,"Gonorrhea rates in Australia are up 63% in 5 years, data shows https://t.co/dsVnWfRKFk https://t.co/UtRgz5r04t",34,@CNN
-0.4767,Sun Nov 05 19:23:58 +0000 2017,0.256,0.744,0.0,Billionaire Prince Alwaleed arrested in Saudi anti-corruption drive https://t.co/U6aJ7NPR7O https://t.co/pimIM00oeh,35,@CNN
0.8225,Sun Nov 05 19:12:21 +0000 2017,0.0,0.648,0.352,"Shalane Flanagan wins NYC Marathon, becoming the first U.S. Women's champion in 40 years https://t.co/UivrO1JMUB https://t.co/i8yuNM6oY1",36,@CNN
-0.5574,Sun Nov 05 19:10:52 +0000 2017,0.184,0.816,0.0,"JUST IN: Witness says as many as 20 shots fired at a church in Sutherland Springs, Texas https://t.co/ZC919cZoUC",37,@CNN
-0.8402,Sun Nov 05 18:37:23 +0000 2017,0.333,0.667,0.0,"Sen. Dianne Feinstein urges diplomacy with North Korea: ""The worst alternative is a war which could become nuclear"" https://t.co/9YPIXKioLn",38,@CNN
-0.0834,Sun Nov 05 17:34:08 +0000 2017,0.184,0.652,0.164,"NYC marathon runners stay the course, despite last week's terror attack https://t.co/ORk5ykaZuV https://t.co/X6oYrUqJuX",39,@CNN
0.25,Sun Nov 05 17:18:48 +0000 2017,0.0,0.9,0.1,A University of Miami art professor created Ku Klux Klan-style hoods out of American flags for a faculty art exhibi‚Ä¶ https://t.co/jk5cNiIFSu,40,@CNN
0.0,Sun Nov 05 17:12:51 +0000 2017,0.0,1.0,0.0,"Double beds, swivel chairs. Here's a look at Singapore Airlines' new luxury suites https://t.co/JIvOIYU7zW https://t.co/MaRqdXRkEd",41,@CNN
-0.507,Sun Nov 05 17:07:23 +0000 2017,0.23,0.77,0.0,The most spectacular abandoned castles around the world https://t.co/DC14SubQJa via @cnntravel https://t.co/ExuBF2XKe8,42,@CNN
0.0,Sun Nov 05 17:02:28 +0000 2017,0.0,1.0,0.0,"H.W. Bush on Trump: ‚ÄúHe‚Äôs a blowhard‚Äù

George W. Bush on Trump ‚ÄúThis guy doesn‚Äôt know what it means to be president‚Ä¶ https://t.co/yp212uRBxT",43,@CNN
0.6115,Sun Nov 05 16:53:31 +0000 2017,0.0,0.818,0.182,"AirlineRatings names ""most excellent"" airlines for 2018. For the 5th consecutive year, this carrier came out on top‚Ä¶ https://t.co/coKs8J7Ciq",44,@CNN
0.0,Sun Nov 05 16:50:57 +0000 2017,0.0,1.0,0.0,"""Women are coming forward...telling the hardest stories of a lifetime,"" says @RonanFarrow, who wrote Weinstein story https://t.co/V6VhiZMg0R",45,@CNN
0.0,Sun Nov 05 16:30:56 +0000 2017,0.0,1.0,0.0,".@brianstelter to Kellyanne Conway: ""Viewers see your pivoting...when I say Russia, you say Clinton"" https://t.co/lc5IdbzAP9",46,@CNN
0.0,Sun Nov 05 16:28:45 +0000 2017,0.0,1.0,0.0,".@brianstelter to Kellyanne Conway: ""We're not anti-Trump, Kellyanne. We're pro-truth."" https://t.co/V6VhiZMg0R",47,@CNN
0.34,Sun Nov 05 15:56:54 +0000 2017,0.0,0.854,0.146,Alec Baldwin's President Trump shared a shower with Paul Manafort on @nbcsnl last night https://t.co/uHcj6PRTqU https://t.co/TXxi7U9br2,48,@CNN
0.6369,Sun Nov 05 15:44:19 +0000 2017,0.0,0.792,0.208,What are your thoughts on polygamy? @lisaling meets open-minded couples looking for modern love on @CNNOriginals'‚Ä¶ https://t.co/ovsONmqTzY,49,@CNN
-0.3182,Sun Nov 05 15:43:25 +0000 2017,0.164,0.741,0.095,Saudi Arabia's newly formed anti-corruption committee has arrested at least 17 princes and top officials‚Ä¶ https://t.co/OiiGRRGEY4,50,@CNN
-0.4588,Sun Nov 05 15:41:28 +0000 2017,0.123,0.833,0.044,"RT @CNNPolitics: Pelosi expresses disdain at the timetable for the GOP tax plan: ""They're trying to move this in a matter of days"" https://‚Ä¶",51,@CNN
-0.8714,Sun Nov 05 15:09:32 +0000 2017,0.456,0.544,0.0,".@FareedZakaria: NY attack ""an isolated incident by one troubled man that shouldn't lead to grand generalizations"" https://t.co/4IR6y7eVL9",52,@CNN
-0.8402,Sun Nov 05 14:50:00 +0000 2017,0.333,0.667,0.0,"Sen. Dianne Feinstein urges diplomacy with North Korea: ""The worst alternative is a war which could become nuclear"" https://t.co/SehU6c2UZq",53,@CNN
0.0,Sun Nov 05 14:34:48 +0000 2017,0.0,1.0,0.0,"Feinstein on Sessions: ""When he comes before the committee again, he has to be precise and it has to be accurate"" https://t.co/kFiWDRA83w",54,@CNN
0.5256,Sun Nov 05 14:34:01 +0000 2017,0.133,0.606,0.261,"Rep. Pelosi on tackling alleged sexual harassment in Congress: I'm ""hopeful that we can do something very strong"" https://t.co/p01ORHA3sY",55,@CNN
0.0,Sun Nov 05 14:32:17 +0000 2017,0.0,1.0,0.0,"Sen. Feinstein on AG Sessions' testimony about Russia: ""I think he should come back and clarify it"" #CNNSOTU https://t.co/gPiao3H9P1",56,@CNN
0.0,Sun Nov 05 14:23:55 +0000 2017,0.0,1.0,0.0,"Rep. Nancy Pelosi: Impeaching President Trump ""is not someplace that I think we should go"" #CNNSOTU https://t.co/3z5LYxTN5S",57,@CNN
0.4404,Sun Nov 05 14:20:01 +0000 2017,0.0,0.868,0.132,"Pelosi on Brazile's allegations about Clinton and the DNC: ""I would hope that there's another side to the story"" https://t.co/QXp6xVCo9R",58,@CNN
0.4927,Sun Nov 05 14:18:17 +0000 2017,0.0,0.849,0.151,"House Minority Leader Nancy Pelosi on the GOP tax plan: ""This is really a gift to corporate America"" #CNNSOTU https://t.co/MNygm9qM0v",59,@CNN
0.0,Sun Nov 05 14:13:02 +0000 2017,0.0,1.0,0.0,House Minority Leader Nancy Pelosi: Revision of the tax code should be done in a bipartisan way #CNNSOTU https://t.co/vw8PFnGTme,60,@CNN
0.4404,Sun Nov 05 14:09:18 +0000 2017,0.0,0.854,0.146,"House Minority Leader Pelosi: ""I hope the President goes into the meeting (with Putin) really informed"" https://t.co/JNBqP07Pd0 #CNNSOTU",61,@CNN
-0.4939,Sun Nov 05 14:06:33 +0000 2017,0.132,0.868,0.0,"Rep. Nancy Pelosi on North Korea: ""We're poking a stick in the eye of a mad dog with some of what we're saying"" https://t.co/hgvJ4yyxVL",62,@CNN
0.0,Sun Nov 05 14:01:04 +0000 2017,0.0,1.0,0.0,The company that owns Corona is getting into the pot business https://t.co/HHg98jBXK7 https://t.co/eHvBjnDBic,63,@CNN
0.0,Sun Nov 05 13:57:17 +0000 2017,0.0,1.0,0.0,"Japanese Prime Minister Shinzo Abe gave President Trump a customized hat that read, ""Make alliance even greater.""‚Ä¶ https://t.co/P73f5BrTjj",64,@CNN
0.0,Sun Nov 05 13:46:44 +0000 2017,0.0,1.0,0.0,"President Trump is in Japan, where he and Prime Minister Shinzo Abe are expected to talk about North Korea‚Ä¶ https://t.co/LpmBAJUCuD",65,@CNN
0.6115,Sun Nov 05 13:31:03 +0000 2017,0.0,0.818,0.182,"AirlineRatings names ""most excellent"" airlines for 2018. For the 5th consecutive year, this carrier came out on top‚Ä¶ https://t.co/dJ16PRMPly",66,@CNN
0.0,Sun Nov 05 13:01:07 +0000 2017,0.0,1.0,0.0,"Long-term spaceflight ""squeezes"" the brain, study says https://t.co/c3D86kU0sa https://t.co/osRjvGip4G",67,@CNN
-0.6597,Sun Nov 05 12:31:04 +0000 2017,0.253,0.747,0.0,The FDA is cracking down on claims that cannabis can cure cancer https://t.co/q1DeAGuPed https://t.co/UGTB8PNn6E,68,@CNN
-0.5423,Sun Nov 05 12:01:05 +0000 2017,0.189,0.811,0.0,"Back in 1991, Anita Hill forever changed the way we talk about sexual harassment https://t.co/til31lOEld https://t.co/yD4UsGNqA2",69,@CNN
0.0,Sun Nov 05 11:31:06 +0000 2017,0.0,1.0,0.0,"China will surpass the US as the world's largest air travel market in the next 5 years, according to IATA forecast‚Ä¶ https://t.co/2Z3lWPEYcU",70,@CNN
0.0,Sun Nov 05 11:01:05 +0000 2017,0.0,1.0,0.0,Court filings show Paul Manafort has three US passports. How many can you really own? Here's a closer look.‚Ä¶ https://t.co/J8ZLwPWG4b,71,@CNN
0.0258,Sun Nov 05 10:31:01 +0000 2017,0.0,0.936,0.064,"Taxes on cannabis could reach as high as 45% in parts of California, according to a report https://t.co/I7YHhQVyQB",72,@CNN
0.0,Sun Nov 05 10:01:04 +0000 2017,0.0,1.0,0.0,5 changes to Obamacare open enrollment for 2018 https://t.co/4YYAEeV7AY https://t.co/5EZ40NagUq,73,@CNN
-0.743,Sun Nov 05 09:31:05 +0000 2017,0.272,0.645,0.082,"Syria was responsible for the sarin gas attack that killed more than 80 people earlier this year, a UN report finds‚Ä¶ https://t.co/iNixmHKv3w",74,@CNN
0.0,Sun Nov 05 09:01:04 +0000 2017,0.0,1.0,0.0,"Tropical storms and swelling sea levels could flood NYC every five years between 2030 and 2045, a new study says‚Ä¶ https://t.co/VgifeWmK27",75,@CNN
-0.2263,Sun Nov 05 08:31:09 +0000 2017,0.192,0.808,0.0,The forgotten mothers and babies of Zika https://t.co/eMAtQMP2ch https://t.co/VvL589j04L,76,@CNN
-0.8885,Sun Nov 05 08:01:04 +0000 2017,0.356,0.644,0.0,"Death rates for heart disease, cancer and HIV are down in the US, but overdose death rate has risen, CDC says‚Ä¶ https://t.co/theP2foXK8",77,@CNN
0.2732,Sun Nov 05 07:31:06 +0000 2017,0.0,0.826,0.174,Three surprising ways the Protestant Reformation shaped our world https://t.co/E1PkTWViEZ https://t.co/UqKvO48djs,78,@CNN
0.0,Sun Nov 05 07:01:05 +0000 2017,0.0,1.0,0.0,Who's who in the Trump-Russia saga https://t.co/dgSZLFL6VV https://t.co/28OKDbT1Zz,79,@CNN
-0.507,Sun Nov 05 06:31:09 +0000 2017,0.23,0.77,0.0,The most spectacular abandoned castles around the world https://t.co/OxU6bpIrYP via @cnntravel https://t.co/jcPzlKPu9e,80,@CNN
0.2732,Sun Nov 05 06:01:05 +0000 2017,0.103,0.739,0.158,This Houston officer helped save hundreds of lives during Hurricane Harvey ‚Äî while battling stage 4 colon cancer‚Ä¶ https://t.co/jyuqfEouat,81,@CNN
-0.8442,Sun Nov 05 04:31:03 +0000 2017,0.323,0.677,0.0,A new report concludes that an environmentalist's murder was part of a criminal plot that was months in the making https://t.co/1Tzc6wuXwz,82,@CNN
-0.128,Sun Nov 05 04:01:07 +0000 2017,0.14,0.739,0.121,"Two Georgia teens, friends from childhood, died from lethal doses of fentanyl on the same day and half a mile apart‚Ä¶ https://t.co/zbMZTOOZwP",83,@CNN
0.0,Sun Nov 05 03:31:06 +0000 2017,0.0,1.0,0.0,A soldier deployed before he could finish painting his house. So these students jumped in to finish the job.‚Ä¶ https://t.co/ezsh2PSzYz,84,@CNN
0.0,Sun Nov 05 03:01:09 +0000 2017,0.0,1.0,0.0,A new study links pesticide residues in fruits and vegetables with women's fertility issues https://t.co/watgjAiuLD https://t.co/2KTTgXZYjT,85,@CNN
-0.4767,Sun Nov 05 02:48:27 +0000 2017,0.237,0.763,0.0,"Eleven princes arrested in Saudi Arabian anti-corruption sweep, Al-Arabiya reports. https://t.co/09rW8uGXwp",86,@CNN
0.4939,Sun Nov 05 02:47:23 +0000 2017,0.0,0.856,0.144,Couples are turning to a new kind of dating website to save their marriage. @lisaling learns what a ‚Äúthrouple‚Äù is a‚Ä¶ https://t.co/VzaPKJQNh7,87,@CNN
0.5859,Sun Nov 05 02:31:03 +0000 2017,0.0,0.774,0.226,This Sports Illustrated cover from 2014 predicted the Astros' World Series win https://t.co/MU4SlGqFDk https://t.co/AJHKOQ7Jhj,88,@CNN
-0.3612,Sun Nov 05 02:01:04 +0000 2017,0.217,0.783,0.0,US passports will identify convicted child sex offenders https://t.co/xELM7Jyspw https://t.co/2usMVZ3MEv,89,@CNN
0.2023,Sun Nov 05 01:31:05 +0000 2017,0.0,0.909,0.091,"Beyonc√© will be a part of Disney's upcoming live-action version of ""The Lion King,"" playing the character of Nala‚Ä¶ https://t.co/xTvf4GcxCT",90,@CNN
0.0,Sun Nov 05 01:22:49 +0000 2017,0.0,1.0,0.0,President Trump touched down in Japan late Saturday ahead of a 13-day trek through Asia https://t.co/4M1t2Jp1KB,91,@CNN
0.0,Sun Nov 05 01:01:07 +0000 2017,0.0,1.0,0.0,"Double beds, swivel chairs. Here's a look at Singapore Airlines' new luxury suites https://t.co/0YjhV2c81O https://t.co/ulJKIq6Tus",92,@CNN
-0.4404,Sun Nov 05 00:31:04 +0000 2017,0.146,0.854,0.0,"Gender inequality actually worsened around the world in 2017, according to a report from the World Economic Forum‚Ä¶ https://t.co/4wU497WQcO",93,@CNN
-0.4215,Sun Nov 05 00:02:33 +0000 2017,0.149,0.851,0.0,Drone footage shows the devastation caused by Hurricane Maria in Puerto Rico's El Yunque National Rainforest‚Ä¶ https://t.co/h2f3ceauZQ,94,@CNN
0.6249,Sat Nov 04 23:31:04 +0000 2017,0.0,0.814,0.186,Scientists have found evidence of a roughly 100-foot-long space hidden within the walls of the Great Pyramid of Giz‚Ä¶ https://t.co/p3daFqOt7X,95,@CNN
0.0,Sat Nov 04 23:01:06 +0000 2017,0.0,1.0,0.0,This photographer spent almost a decade taking photos of Japan's vending machines in the most remote locations‚Ä¶ https://t.co/CgmY4oXKQD,96,@CNN
-0.5499,Sat Nov 04 22:45:06 +0000 2017,0.246,0.754,0.0,"The Las Vegas shooter had money troubles prior to the attack, but his motive is still unclear, sheriff says‚Ä¶ https://t.co/Ju8BhpZVfD",97,@CNN
-0.5994,Sat Nov 04 22:30:13 +0000 2017,0.178,0.822,0.0,San Juan mayor says the hurricane death toll in Puerto Rico could be 10 times higher than reported‚Ä¶ https://t.co/0kzf6kbkFj,98,@CNN
0.25,Sat Nov 04 22:15:12 +0000 2017,0.0,0.9,0.1,A University of Miami art professor created Ku Klux Klan-style hoods out of American flags for a faculty art exhibi‚Ä¶ https://t.co/HIpnBJPkzO,99,@CNN
0.743,Mon Nov 06 00:31:52 +0000 2017,0.0,0.722,0.278,".@POTUS on Texas shooting: ""All of America is praying to God to help the wounded and the families of the victims."" https://t.co/YctBTx72Yd",0,@FoxNews
-0.5859,Mon Nov 06 00:30:22 +0000 2017,0.27,0.73,0.0,".@POTUS on Texas shooting: ""Through the tears and through the sadness, we stand strong."" https://t.co/tvlch0G0dm",1,@FoxNews
-0.3182,Mon Nov 06 00:28:59 +0000 2017,0.119,0.881,0.0,".@POTUS on Texas shooting: ""Our thoughts and prayers are with the victims and families of today's attack."" https://t.co/94N3yzI0hI",2,@FoxNews
0.0,Mon Nov 06 00:12:58 +0000 2017,0.0,1.0,0.0,Celebrities react to Texas church mass shooting https://t.co/55Sm9m1lNT,3,@FoxNews
-0.4404,Sun Nov 05 23:56:15 +0000 2017,0.162,0.838,0.0,Moments ago @GovAbbott offered words of mourning before meeting w/ families of #SutherlandSprings shooting victims‚Ä¶ https://t.co/CBCiDThxpp,4,@FoxNews
0.0,Sun Nov 05 23:48:35 +0000 2017,0.0,1.0,0.0,"DPS Regional Dir.: ""We don't know if it was a self-inflicted gunshot wound or if [Kelley] was shot by a local resid‚Ä¶ https://t.co/0NZZCAp9lV",5,@FoxNews
-0.296,Sun Nov 05 23:47:01 +0000 2017,0.196,0.804,0.0,DPS Regional Dir.: No motive at this time. #SutherlandSprings https://t.co/XO6sALXEWD,6,@FoxNews
-0.3182,Sun Nov 05 23:44:35 +0000 2017,0.141,0.859,0.0,".@wilsonsheriff: ""We don't know names of any of the victims at this time."" #SutherlandSprings https://t.co/EZamBeyVgT",7,@FoxNews
0.5574,Sun Nov 05 23:43:39 +0000 2017,0.0,0.739,0.261,".@GovAbbott: ""I want to express my gratitude to @POTUS, who called from overseas."" #SutherlandSprings https://t.co/LRC3Atj7h5",8,@FoxNews
-0.4215,Sun Nov 05 23:42:47 +0000 2017,0.203,0.797,0.0,".@GovAbbott: ""San Antonio area hospitals and trauma centers have coordinated."" #SutherlandSprings https://t.co/Yh2h6CbYD4",9,@FoxNews
0.7096,Sun Nov 05 23:42:13 +0000 2017,0.0,0.742,0.258,".@GovAbbott: ""Tell your friend and your neighbor that you support them and that you will work with them.""‚Ä¶ https://t.co/OJJqxpBpU9",10,@FoxNews
0.3612,Sun Nov 05 23:41:45 +0000 2017,0.0,0.884,0.116,".@GovAbbott: ""We ask for God's comfort, for God's guidance, and for God's healing for all those who are suffering.""‚Ä¶ https://t.co/Hu8Mfu0oIE",11,@FoxNews
-0.4767,Sun Nov 05 23:41:20 +0000 2017,0.119,0.881,0.0,".@GovAbbott: ""I'm sad to tell you, to confirm at least at this moment in time, there are 26 lives that have been lo‚Ä¶ https://t.co/bLqOUIv8SE",12,@FoxNews
0.6597,Sun Nov 05 23:40:55 +0000 2017,0.0,0.735,0.265,".@GovAbbott: ""We appreciate the first responders and what they've done to help respond to this challenge.""‚Ä¶ https://t.co/LszB3vcWCv",13,@FoxNews
0.0,Sun Nov 05 23:40:18 +0000 2017,0.0,1.0,0.0,".@GovAbbott: ""We are dealing with the largest mass shooting in our state's history."" https://t.co/zDk1TME9bd",14,@FoxNews
0.4019,Sun Nov 05 23:39:54 +0000 2017,0.0,0.769,0.231,".@GovAbbott: ""Texans come together to help their fellow Texans."" https://t.co/w5D9OglYeU",15,@FoxNews
-0.6486,Sun Nov 05 23:36:21 +0000 2017,0.281,0.719,0.0,"#SutherlandSpringsShooting killer ID'd as Devin Patrick Kelley, 26-year-old white male. https://t.co/YAre0fZfhd https://t.co/FjUUw6TEdI",16,@FoxNews
0.0,Sun Nov 05 23:32:18 +0000 2017,0.0,1.0,0.0,Right Now: Awaiting news conference on #SutherlandSpringsShooting - For full coverage tune in to Fox News Channel.‚Ä¶ https://t.co/WTcqwbESd2,17,@FoxNews
-0.296,Sun Nov 05 23:31:31 +0000 2017,0.136,0.864,0.0,".@BretBaier: Authorities: Gunman is Devin Patrick Kelley, 26, white male, no motive yet. #SutherlandSprings‚Ä¶ https://t.co/dDeYCF1MBc",18,@FoxNews
0.0,Sun Nov 05 23:28:22 +0000 2017,0.0,1.0,0.0,"Gunman ID'd as Devin Patrick Kelley, 26, male from community just outside San Antonio. #SutherlandSprings‚Ä¶ https://t.co/FcH6G33Mj5",19,@FoxNews
-0.6597,Sun Nov 05 23:27:22 +0000 2017,0.206,0.794,0.0,.@DanPatrick's message in the wake of the horrific mass shooting at First Baptist Church in Sutherland Springs.‚Ä¶ https://t.co/xtrrG7Y1rI,20,@FoxNews
0.0,Sun Nov 05 23:26:36 +0000 2017,0.0,1.0,0.0,.@SenateMajLdr responds to Sutherland Springs church shooting. https://t.co/8NQi3CZUUi https://t.co/oUbFAYKIoq,21,@FoxNews
0.0,Sun Nov 05 23:26:07 +0000 2017,0.0,1.0,0.0,Right Now: Awaiting news conference on #SutherlandSpringsShooting - For full coverage tune in to Fox News Channel.‚Ä¶ https://t.co/fP3WrbXgS0,22,@FoxNews
0.0,Sun Nov 05 23:22:45 +0000 2017,0.0,1.0,0.0,BREAKING NEWS: Gunman in Texas church massacre identified to The Associated Press as Devin Kelley. https://t.co/YAre0fZfhd,23,@FoxNews
-0.3182,Sun Nov 05 23:19:49 +0000 2017,0.204,0.796,0.0,"Texas church shooting: What we know about the victims

https://t.co/fXVxyLiECr",24,@FoxNews
0.0,Sun Nov 05 23:18:16 +0000 2017,0.0,1.0,0.0,"Texas Attorney General: Church Shooting Is 'Going to Happen Again'
https://t.co/KDJppJKscg",25,@FoxNews
0.0,Sun Nov 05 23:16:27 +0000 2017,0.0,1.0,0.0,.@IvankaTrump responds to Sutherland Springs shooting. https://t.co/8NQi3CZUUi https://t.co/Hh4zUV0cK1,26,@FoxNews
-0.4019,Sun Nov 05 23:15:02 +0000 2017,0.252,0.748,0.0,Chelsea Handler Blames Republicans for Texas Massacre https://t.co/igmwGSzbnX https://t.co/zy3qLs3Qgp,27,@FoxNews
0.0,Sun Nov 05 23:11:19 +0000 2017,0.0,1.0,0.0,.@SenFeinstein responds to Sutherland Springs church shooting. https://t.co/8NQi3CZUUi https://t.co/HGrHU63VPU,28,@FoxNews
-0.6705,Sun Nov 05 23:10:01 +0000 2017,0.31,0.69,0.0,Up to 27 killed in mass shooting at Texas church   https://t.co/EmySBP97Nu,29,@FoxNews
0.0,Sun Nov 05 23:07:00 +0000 2017,0.0,1.0,0.0,.@tedcruz responds to Sutherland Springs shooting. https://t.co/8NQi3CZUUi https://t.co/DCifp0sxXP,30,@FoxNews
0.0,Sun Nov 05 23:06:23 +0000 2017,0.0,1.0,0.0,.@FLOTUS responds to Sutherland Springs shooting. https://t.co/8NQi3CZUUi https://t.co/zcc4CR534G,31,@FoxNews
0.0,Sun Nov 05 23:06:04 +0000 2017,0.0,1.0,0.0,.@JohnCornyn responds to Sutherland Springs shooting. https://t.co/8NQi3CZUUi https://t.co/x6CQpBxHL2,32,@FoxNews
-0.4019,Sun Nov 05 23:01:24 +0000 2017,0.278,0.722,0.0,"Chelsea Handler Blames Republicans for Texas Massacre
https://t.co/igmwGSQMMx",33,@FoxNews
-0.3612,Sun Nov 05 22:58:42 +0000 2017,0.27,0.552,0.178,"Texas Shooting Witness: We Have to Overcome Evil With Good

https://t.co/aqM4cheMPk",34,@FoxNews
-0.6597,Sun Nov 05 22:54:04 +0000 2017,0.206,0.794,0.0,.@DanPatrick's message in the wake of the horrific mass shooting at First Baptist Church in Sutherland Springs.‚Ä¶ https://t.co/RkjnhftROL,35,@FoxNews
0.0,Sun Nov 05 22:53:37 +0000 2017,0.0,1.0,0.0,.@JustinTrudeau responds to Sutherland Springs church shooting. https://t.co/8NQi3CZUUi https://t.co/Qt9ig7PRrN,36,@FoxNews
0.0,Sun Nov 05 22:50:20 +0000 2017,0.0,1.0,0.0,Right Now: Awaiting news conference on #SutherlandSpringsShooting - For full coverage tune in to Fox News Channel.‚Ä¶ https://t.co/K5OqYhucrF,37,@FoxNews
0.0,Sun Nov 05 22:48:43 +0000 2017,0.0,1.0,0.0,.@BernieSanders responds to Sutherland Springs church shooting. https://t.co/8NQi3CZUUi https://t.co/zNxHqLy9Ze,38,@FoxNews
0.8086,Sun Nov 05 22:47:13 +0000 2017,0.0,0.671,0.329,".@DanPatrick: ""As Christians, we stand firm on a day like today in our faith. We will not be shaken in our faith fo‚Ä¶ https://t.co/cNzb6tBMrN",39,@FoxNews
-0.6705,Sun Nov 05 22:44:59 +0000 2017,0.31,0.69,0.0,Up to 27 killed in mass shooting at Texas church https://t.co/EmySBP97Nu,40,@FoxNews
-0.2263,Sun Nov 05 22:36:58 +0000 2017,0.13,0.779,0.091,".@DanPatrick: ""We do not stand down when we are attacked. We stand up for the God that we love.""‚Ä¶ https://t.co/pViBpHfHEO",41,@FoxNews
0.4215,Sun Nov 05 22:36:27 +0000 2017,0.0,0.859,0.141,".@DanPatrick: ""We get through these times as believers... Faith is what gets all of us through this.""‚Ä¶ https://t.co/25S3ytG9Uy",42,@FoxNews
0.0,Sun Nov 05 22:34:33 +0000 2017,0.0,1.0,0.0,Right Now: Awaiting news conference on #SutherlandSpringsShooting - For full coverage tune in to Fox News Channel.‚Ä¶ https://t.co/alxXxqYNHF,43,@FoxNews
-0.6705,Sun Nov 05 22:32:49 +0000 2017,0.333,0.667,0.0,"Pastor's 14-Year-Old Daughter Killed in #SutherlandSprings Texas Church Shooting
https://t.co/bwLRFPOrO2",44,@FoxNews
0.0,Sun Nov 05 22:29:53 +0000 2017,0.0,1.0,0.0,.@SenFranken responds to Sutherland Springs shooting. https://t.co/8NQi3CZUUi https://t.co/O49xnzNmLp,45,@FoxNews
0.0,Sun Nov 05 22:24:16 +0000 2017,0.0,1.0,0.0,Texas church massacre among the deadliest US mass shootings https://t.co/igESUcx5Hp,46,@FoxNews
0.0,Sun Nov 05 22:24:04 +0000 2017,0.0,1.0,0.0,"Sutherland Springs Witness: ""We just did what we do - we prayed."" https://t.co/oxEOUofTV3 https://t.co/c6lJaE4udI",47,@FoxNews
0.4168,Sun Nov 05 22:22:04 +0000 2017,0.0,0.848,0.152,".@_SBTC Exec Dir Richards: ""This will not stop the Gospel of Christ. This will not stop the godly people who seek t‚Ä¶ https://t.co/EeM4jchLLL",48,@FoxNews
-0.6705,Sun Nov 05 22:19:33 +0000 2017,0.333,0.667,0.0,.@RepCuellar: Pregnant woman among those killed in #SutherlandSpringsShooting. https://t.co/YAre0fZfhd https://t.co/cDegbAtkOu,49,@FoxNews
0.0,Sun Nov 05 22:18:07 +0000 2017,0.0,1.0,0.0,Right Now: Awaiting news conference on #SutherlandSpringsShooting - For full coverage tune in to Fox News Channel.‚Ä¶ https://t.co/QUwuTofD4d,50,@FoxNews
0.0,Sun Nov 05 22:15:01 +0000 2017,0.0,1.0,0.0,.@RepTimRyan responds to Sutherland Springs shooting. https://t.co/8NQi3DhvLQ https://t.co/QNPIDZcZLF,51,@FoxNews
0.0,Sun Nov 05 22:09:01 +0000 2017,0.0,1.0,0.0,.@SpeakerRyan responds to Sutherland Springs shooting. https://t.co/8NQi3DhvLQ https://t.co/YfR4GlsGpy,52,@FoxNews
-0.6705,Sun Nov 05 22:05:13 +0000 2017,0.231,0.769,0.0,".@KenPaxtonTX: ""There may be up to 25, 27 people killed, and many more injured."" #SutherlandSprings‚Ä¶ https://t.co/JL8zMZe8Ea",53,@FoxNews
0.0,Sun Nov 05 22:05:06 +0000 2017,0.0,1.0,0.0,.@IvankaTrump responds to Sutherland Springs shooting. https://t.co/8NQi3DhvLQ https://t.co/82wVYmZPW3,54,@FoxNews
-0.8176,Sun Nov 05 22:03:42 +0000 2017,0.429,0.571,0.0,"At least 20 feared dead in mass shooting at #SutherlandSpringsTexas church
https://t.co/EmySBP97Nu",55,@FoxNews
0.0,Sun Nov 05 22:00:06 +0000 2017,0.0,1.0,0.0,.@JohnCornyn responds to Sutherland Springs shooting. https://t.co/8NQi3DhvLQ https://t.co/IaHwUbgznc,56,@FoxNews
-0.6705,Sun Nov 05 21:56:00 +0000 2017,0.36,0.64,0.0,"Pastor's 14-Year-Old Daughter Killed in Texas Church Shooting
https://t.co/bwLRFPOrO2",57,@FoxNews
0.0,Sun Nov 05 21:48:29 +0000 2017,0.0,1.0,0.0,".@KenPaxtonTX: ""Everyone in the community is going to know someone... Who expects this on a Sunday morning in a chu‚Ä¶ https://t.co/JcACGGIBwL",58,@FoxNews
0.0,Sun Nov 05 21:46:50 +0000 2017,0.0,1.0,0.0,".@KenPaxtonTX: May take days or weeks to figure out gunman's motive, if ever. #SutherlandSpringsTexas https://t.co/QfHPjGO7Of",59,@FoxNews
0.0,Sun Nov 05 21:46:04 +0000 2017,0.0,1.0,0.0,.@nancypelosi responds to Sutherland Springs shooting. https://t.co/8NQi3DhvLQ https://t.co/k3vOSC7Ncl,60,@FoxNews
-0.6705,Sun Nov 05 21:46:03 +0000 2017,0.231,0.769,0.0,".@KenPaxtonTX: ""There may be up to 25, 27 people killed, and many more injured."" #SutherlandSpringsTexas https://t.co/X9FawGfAt4",61,@FoxNews
0.0,Sun Nov 05 21:44:33 +0000 2017,0.0,1.0,0.0,"Moments ago, @GregAbbott_TX tweeted that he was heading to #SutherlandSprings. https://t.co/YAre0fZfhd https://t.co/Fg7wQXGzQO",62,@FoxNews
0.0,Sun Nov 05 21:32:03 +0000 2017,0.0,1.0,0.0,.@FLOTUS responds to Sutherland Springs shooting. https://t.co/8NQi3DhvLQ https://t.co/jCFRLxCQOO,63,@FoxNews
-0.6705,Sun Nov 05 21:30:11 +0000 2017,0.209,0.791,0.0,".@ArthelNeville: Daughter of Pastor Frank Pomeroy of First Baptist Church in Sutherland Springs, Texas, killed in h‚Ä¶ https://t.co/yHOn2dUXqw",64,@FoxNews
0.0,Sun Nov 05 21:29:21 +0000 2017,0.0,1.0,0.0,"Sutherland Springs, Texas, church shooting the deadliest church shooting in almost 20 years. https://t.co/YAre0fHDSD https://t.co/U8FKkOe3e6",65,@FoxNews
0.0,Sun Nov 05 21:23:38 +0000 2017,0.0,1.0,0.0,.@tedcruz responds to Sutherland Springs shooting. https://t.co/8NQi3CZUUi https://t.co/AEsAaiBIau,66,@FoxNews
0.4168,Sun Nov 05 21:18:15 +0000 2017,0.0,0.848,0.152,".@_SBTC Exec Dir Richards: ""This will not stop the Gospel of Christ. This will not stop the godly people who seek t‚Ä¶ https://t.co/qZ3vbCISNb",67,@FoxNews
-0.3612,Sun Nov 05 21:11:09 +0000 2017,0.254,0.578,0.168,Texas Shooting Witness: We Have to Overcome Evil With Good https://t.co/oxEOUofTV3 https://t.co/sDXgGS5jDI,68,@FoxNews
0.0,Sun Nov 05 21:04:23 +0000 2017,0.0,1.0,0.0,"Moments ago, @FLOTUS tweeted about the Sutherland Springs, Texas shooting. https://t.co/YAre0fZfhd https://t.co/DL7H0v8R2T",69,@FoxNews
-0.6705,Sun Nov 05 20:56:56 +0000 2017,0.273,0.727,0.0,"Police: 20-24 people killed in church shooting in Sutherland Springs, Texas. https://t.co/YAre0fHDSD https://t.co/uPo2JiyN3I",70,@FoxNews
-0.8176,Sun Nov 05 20:51:02 +0000 2017,0.405,0.595,0.0,At least 20 feared dead in mass shooting at Texas church https://t.co/YAre0fHDSD https://t.co/iNTUnjN0XV,71,@FoxNews
-0.6705,Sun Nov 05 20:50:27 +0000 2017,0.273,0.727,0.0,"Police: 20-24 people killed in church shooting in Sutherland Springs, Texas. https://t.co/YAre0fZfhd https://t.co/Pw7gpKHRfH",72,@FoxNews
-0.8176,Sun Nov 05 20:44:24 +0000 2017,0.405,0.595,0.0,At least 20 feared dead in ‚Äòmass shooting‚Äô at Texas church https://t.co/YAre0fHDSD https://t.co/LP83xPnv1Y,73,@FoxNews
0.0,Sun Nov 05 20:43:56 +0000 2017,0.0,1.0,0.0,".@IvankaTrump on Sutherland Springs, Texas shooting. https://t.co/YAre0fZfhd https://t.co/UIgT5kT3B3",74,@FoxNews
0.0,Sun Nov 05 20:39:58 +0000 2017,0.0,1.0,0.0,".@JohnCornyn on Sutherland Springs, Texas shooting. https://t.co/YAre0fZfhd https://t.co/I0sa8eph0O",75,@FoxNews
0.0,Sun Nov 05 20:38:25 +0000 2017,0.0,1.0,0.0,".@tedcruz on Sutherland Springs, Texas shooting. https://t.co/YAre0fZfhd https://t.co/JKpKZw4zF4",76,@FoxNews
-0.8176,Sun Nov 05 20:35:03 +0000 2017,0.405,0.595,0.0,At least 20 feared dead in ‚Äòmass shooting‚Äô at Texas church https://t.co/YAre0fHDSD https://t.co/EZUwuPsZgR,77,@FoxNews
0.0,Sun Nov 05 20:34:59 +0000 2017,0.0,1.0,0.0,"Texas church shooting: Trump, politicians react https://t.co/l44UHGruL0 #FOXNewsUS https://t.co/aeBoja1k1t",78,@FoxNews
0.0,Sun Nov 05 20:34:47 +0000 2017,0.0,1.0,0.0,"Moments ago, @nikkihaley tweeted about the Sutherland Springs, Texas shooting. https://t.co/YAre0fZfhd https://t.co/KiJxV46wYb",79,@FoxNews
0.0,Sun Nov 05 20:32:09 +0000 2017,0.0,1.0,0.0,".@GregAbbott_TX's statement on Sutherland Springs, Texas shooting. https://t.co/YAre0fZfhd https://t.co/GxbPqh15Qk",80,@FoxNews
0.0,Sun Nov 05 20:27:09 +0000 2017,0.0,1.0,0.0,"Moments ago, @VP Mike Pence tweeted about the church shooting in Sutherland Springs, Texas. https://t.co/YAre0fZfhd https://t.co/x0bokTHkiX",81,@FoxNews
0.0,Sun Nov 05 20:22:57 +0000 2017,0.0,1.0,0.0,"Moments ago, President @realDonaldTrump tweeted about the church shooting in Sutherland Springs, Texas.‚Ä¶ https://t.co/awDwNW1pGp",82,@FoxNews
-0.6597,Sun Nov 05 20:10:14 +0000 2017,0.239,0.761,0.0,"Sutherland Springs Witness: ""The Bible tells us that we overcome evil with good."" https://t.co/YAre0fHDSD https://t.co/GQ5zgGiUiU",83,@FoxNews
0.0,Sun Nov 05 20:09:15 +0000 2017,0.0,1.0,0.0,".@realDonaldTrump on church shooting in Sutherland Springs, Texas. https://t.co/YAre0fZfhd https://t.co/dlwtYJzPiy",84,@FoxNews
-0.7717,Sun Nov 05 20:06:09 +0000 2017,0.379,0.621,0.0,Report: Man who opened fire on #Texas church now dead. #SutherlandSprings https://t.co/YAre0fHDSD https://t.co/oyDeu3zspF,85,@FoxNews
0.0,Sun Nov 05 19:56:20 +0000 2017,0.0,1.0,0.0,".@BryanLlenas: Sutherland Springs a very small community, church has about 50 members. https://t.co/YAre0fHDSD https://t.co/zRaQ0ee5Zl",86,@FoxNews
0.0,Sun Nov 05 19:49:38 +0000 2017,0.0,1.0,0.0,".@TXAG Ken Paxton on Sutherland Springs, Texas shooting. https://t.co/YAre0fZfhd https://t.co/3LruH4YFhY",87,@FoxNews
0.0,Sun Nov 05 19:46:16 +0000 2017,0.0,1.0,0.0,".@GregAbbott_TX on Sutherland Springs, Texas shooting. https://t.co/YAre0fZfhd https://t.co/ajsyfTbveK",88,@FoxNews
-0.7003,Sun Nov 05 19:44:35 +0000 2017,0.266,0.734,0.0,"Multiple casualty situation after man opens fire at Sutherland Springs, Texas church - Fox News has live coverage.‚Ä¶ https://t.co/1qQhcBdQAJ",89,@FoxNews
0.0,Sun Nov 05 19:38:44 +0000 2017,0.0,1.0,0.0,".@EricShawnTV: Reports: 2 year-old and other children among those shot, multiple deaths. #SutherlandSprings https://t.co/orVVpoOaWc",90,@FoxNews
-0.7003,Sun Nov 05 19:35:48 +0000 2017,0.326,0.674,0.0,"Multiple casualty situation after man opens fire at Sutherland Springs, Texas church. https://t.co/YAre0fHDSD https://t.co/oqFEXLld3S",91,@FoxNews
-0.6705,Sun Nov 05 19:25:55 +0000 2017,0.209,0.791,0.0,DEVELOPING: Several people reportedly shot &amp; killed in ‚Äúmass shooting‚Äù at Texas church. For continuing live coverag‚Ä¶ https://t.co/NjxwXS2JG3,92,@FoxNews
-0.34,Sun Nov 05 19:23:20 +0000 2017,0.124,0.876,0.0,"First responders on scene of church shooting in Sutherland Springs, Texas; man who opened fire reportedly dead.‚Ä¶ https://t.co/7xvicaqju3",93,@FoxNews
0.0,Sun Nov 05 19:11:08 +0000 2017,0.0,1.0,0.0,"'Mass shooting' reported at Sutherland Springs church in Texas
 https://t.co/YAre0fZfhd",94,@FoxNews
0.4019,Sun Nov 05 19:00:10 +0000 2017,0.0,0.803,0.197,"BREAKING NEWS: Active shooter at Texas Baptist Church, several people shot. https://t.co/sqlN3HUGHl",95,@FoxNews
0.5859,Sun Nov 05 18:54:07 +0000 2017,0.0,0.787,0.213,Shalane Flanagan becomes first American woman to win NYC Marathon in 40 years https://t.co/fhHAfaqGAL https://t.co/5IU8n4VByi,96,@FoxNews
0.0,Sun Nov 05 18:54:05 +0000 2017,0.0,1.0,0.0,"On @ffweekend, @GovMikeHuckabee reflected on @POTUS's foreign policy as he travels abroad in Asia. https://t.co/QKbTTtl4Cy",97,@FoxNews
-0.2023,Sun Nov 05 18:49:21 +0000 2017,0.13,0.87,0.0,"Iowa mom, 18, charged after 2-year-old twins found naked outside near highway
 https://t.co/YUmB5iMWPs",98,@FoxNews
0.0,Sun Nov 05 18:27:45 +0000 2017,0.0,1.0,0.0,"Refugee Admittance to U.S. Down 87 Percent
https://t.co/x3h7Ec7GpG",99,@FoxNews
-0.6249,Mon Nov 06 00:40:26 +0000 2017,0.313,0.687,0.0,Hezbollah Urges ‚ÄòPatience and Calm‚Äô Amid Lebanon‚Äôs Political Crisis https://t.co/qfkiFzziw2,0,@NYTimes
0.0,Mon Nov 06 00:36:43 +0000 2017,0.0,1.0,0.0,Sam Smith tried to come out on his own terms and it backfired. But now he‚Äôs listening. https://t.co/ZgZzXheNsV,1,@NYTimes
0.0,Mon Nov 06 00:19:03 +0000 2017,0.0,1.0,0.0,Notable Deadly Shootings at Churches in Recent Years https://t.co/kG0eOF2a4s,2,@NYTimes
-0.4939,Mon Nov 06 00:16:21 +0000 2017,0.29,0.556,0.154,TripAdvisor Apologizes for Deleting Review Detailing Rape at Mexican Resort https://t.co/AVmQlX7XCE,3,@NYTimes
-0.765,Mon Nov 06 00:04:17 +0000 2017,0.258,0.742,0.0,"Breaking News: The death toll in the Texas church massacre has grown to 26, and at least 20 were injured
https://t.co/QBUpWYlTay",4,@NYTimes
-0.3612,Mon Nov 06 00:01:57 +0000 2017,0.238,0.762,0.0,Tax Plan Burdens Blue-State Republicans and Their Districts https://t.co/QC6k4Ov4Ql,5,@NYTimes
0.5499,Sun Nov 05 23:55:02 +0000 2017,0.0,0.835,0.165,"So many take part in Thanksgiving, but the holiday spools out differently for everyone. Tell us about yours. https://t.co/2u8xJz3l8z",6,@NYTimes
-0.296,Sun Nov 05 23:32:37 +0000 2017,0.196,0.804,0.0,News Analysis: No One Knows What Britain Is Anymore https://t.co/WiCi0aayDA,7,@NYTimes
0.128,Sun Nov 05 23:20:39 +0000 2017,0.13,0.717,0.152,"Saudi Arabia‚Äôs sweeping campaign of arrests included Prince Alwaleed bin Talal, one of the world‚Äôs richest men https://t.co/1LDPi6hekH",8,@NYTimes
0.0,Sun Nov 05 23:00:08 +0000 2017,0.0,1.0,0.0,"Disney scored big with Marvel‚Äôs ""Thor: Ragnarok,‚Äù which took in more than $400 million globally over the weekend https://t.co/A8p7rnVTdj",9,@NYTimes
-0.4767,Sun Nov 05 22:59:12 +0000 2017,0.22,0.78,0.0,A Word With: Laurence Fishburne on the Role That Made Him Cry https://t.co/QnysIAl6jA,10,@NYTimes
0.1779,Sun Nov 05 22:45:05 +0000 2017,0.097,0.773,0.13,"An army of on-the-ground operatives push the government‚Äôs policies, help purvey its propaganda and act as lookouts https://t.co/tRWBOkSPjd",11,@NYTimes
-0.6486,Sun Nov 05 22:42:21 +0000 2017,0.281,0.719,0.0,A pregnant woman and children were said to be among the dead https://t.co/UyzS0yzyql,12,@NYTimes
0.4215,Sun Nov 05 22:30:12 +0000 2017,0.0,0.843,0.157,Being defined by her profession and not merely by her gender remains a work in progress https://t.co/vq87gh8LaS,13,@NYTimes
0.0,Sun Nov 05 22:15:07 +0000 2017,0.0,1.0,0.0,"Before Teen Vogue got ""woke,"" it was an incubator for people we now call influencers https://t.co/lHUveiOglv",14,@NYTimes
0.5267,Sun Nov 05 22:00:17 +0000 2017,0.0,0.861,0.139,An NYT reader's reaction to an American woman winning the New York City Marathon for the first time in 40 years‚Ä¶ https://t.co/7orzqiC2bK,15,@NYTimes
-0.7783,Sun Nov 05 21:55:48 +0000 2017,0.274,0.726,0.0,"A gunman walked into a small Baptist church in rural Texas on Sunday and opened fire, killing at least 25 people https://t.co/AfZei630bd",16,@NYTimes
0.2732,Sun Nov 05 21:45:05 +0000 2017,0.1,0.746,0.154,Google and others are looking for automated ways to deal with a shortage of artificial intelligence experts https://t.co/Ftf0bP3p3l,17,@NYTimes
-0.6808,Sun Nov 05 21:38:02 +0000 2017,0.272,0.728,0.0,"A few weeks after being banned in London, Uber is waging a new high-stakes regulatory fight in Brazil https://t.co/X7XyzcGrz3",18,@NYTimes
0.0,Sun Nov 05 21:30:18 +0000 2017,0.0,1.0,0.0,"Videos of the church show at least 30 people, including many children, attending Sunday service in recent weeks https://t.co/z2JQTdkVEM",19,@NYTimes
0.0,Sun Nov 05 21:25:45 +0000 2017,0.0,1.0,0.0,The move appeared to be the most sweeping shift in governance Saudi Arabia has experienced for more than 8 decades https://t.co/Ampn9lvcLG,20,@NYTimes
0.0772,Sun Nov 05 21:15:04 +0000 2017,0.204,0.628,0.168,Documents reveal how multinational companies avoid taxes and how the superrich hide their wealth https://t.co/cCIHZV7GxY,21,@NYTimes
0.0,Sun Nov 05 21:00:20 +0000 2017,0.0,1.0,0.0,"Part of the agenda of ‚ÄúUncommon Sense"" is to illustrate just how broad and multicolored the autism spectrum is https://t.co/mDzqRIOAom",22,@NYTimes
0.0,Sun Nov 05 20:58:15 +0000 2017,0.0,1.0,0.0,Carson Wentz and the Philadelphia Eagles absolutely toyed with the Denver Broncos https://t.co/xawW4nUuGl,23,@NYTimes
-0.3353,Sun Nov 05 20:52:03 +0000 2017,0.155,0.845,0.0,Conan O‚ÄôBrien may be taking more artistic risks than any other late-night host https://t.co/4shU1bgOCo,24,@NYTimes
-0.296,Sun Nov 05 20:49:18 +0000 2017,0.104,0.896,0.0,"RT @arappeport: I.R.S. commissioner, demonized by conservatives, leaves on his terms w/ no apologies. ‚ÄúSurvival is its own reward.‚Äù https:/‚Ä¶",25,@NYTimes
0.0772,Sun Nov 05 20:45:05 +0000 2017,0.14,0.702,0.158,Democrats argue that the wave of retirements will help them retake the House https://t.co/IzVkertrVt,26,@NYTimes
-0.4019,Sun Nov 05 20:37:08 +0000 2017,0.211,0.679,0.109,"He kept crime rates low in his first term. Now, Mayor de Blasio has a plan to make police officers nicer. https://t.co/9W1fI7EGcw",27,@NYTimes
0.3612,Sun Nov 05 20:30:06 +0000 2017,0.0,0.828,0.172,We used VR to explore what music feels like to a deaf person https://t.co/ApNIF1loo1,28,@NYTimes
-0.6705,Sun Nov 05 20:22:32 +0000 2017,0.184,0.816,0.0,More than 20 people were killed after a gunman walked into a church in a rural town 30 miles east of San Antonio https://t.co/eL5QUzCWv6,29,@NYTimes
0.3818,Sun Nov 05 20:15:03 +0000 2017,0.104,0.676,0.221,"When behavior goes unseen or ignored by employers, ‚Äúwhisper networks‚Äù can provide women with vital support systems https://t.co/4V2qikUqdq",30,@NYTimes
0.0,Sun Nov 05 20:00:13 +0000 2017,0.0,1.0,0.0,"‚ÄúThere‚Äôs a public perception... that Canada is a steward of the environment, but in fact the opposite is true‚Äù https://t.co/DGu2q2v0uc",31,@NYTimes
-0.6705,Sun Nov 05 19:56:59 +0000 2017,0.22,0.78,0.0,"Breaking News: Several people were killed, including the gunman, in a shooting at a church near San Antonio https://t.co/FXvUKLFCZh",32,@NYTimes
0.3612,Sun Nov 05 19:45:05 +0000 2017,0.0,0.865,0.135,"In books like ‚ÄúMy Secret Garden: Women‚Äôs Sexual Fantasies,‚Äù Nancy Friday helped establish ‚Äúa confessional feminism‚Äù https://t.co/0Jo4hBnt22",33,@NYTimes
0.34,Sun Nov 05 19:30:04 +0000 2017,0.187,0.573,0.24,"Opinion: By fretting about food, we turn occasions for comfort and joy into sources of fear and anxiety https://t.co/E1xfBbPsoz",34,@NYTimes
0.0,Sun Nov 05 19:15:06 +0000 2017,0.0,1.0,0.0,Many parennials give their children YouTube channels from the first sonogram and hashtags when they‚Äôre born https://t.co/SfIeFdaJkI,35,@NYTimes
0.0,Sun Nov 05 19:00:11 +0000 2017,0.0,1.0,0.0,"Michael Urie's first reaction to taking over Harvey Fierstein's part in ""Torch Song""? ""It was way too scary."" https://t.co/5iEkuJIL3b",36,@NYTimes
0.0,Sun Nov 05 18:45:07 +0000 2017,0.0,1.0,0.0,Behind Yuri Milner's investments in Facebook and Twitter were hundreds of millions of dollars from the Kremlin https://t.co/1nVIa0y2zf,37,@NYTimes
0.802,Sun Nov 05 18:44:32 +0000 2017,0.0,0.613,0.387,@jeffbercovici We sent a sports alert for Shalane Flanagan's victory: https://t.co/zae1UjlCfH. Kamworor's win also received a sports alert.,38,@NYTimes
-0.3612,Sun Nov 05 18:30:03 +0000 2017,0.135,0.865,0.0,Even the columnist‚Äôs daughter criticized his description of the press secretary as a ‚Äúslightly chunky soccer mom‚Äù https://t.co/IDmfVEC1tJ,39,@NYTimes
0.6369,Sun Nov 05 18:15:07 +0000 2017,0.0,0.743,0.257,Commerce Secretary Wilbur Ross has profited handsomely from a shipping company with business ties to Putin‚Äôs family https://t.co/DkZO3TdANj,40,@NYTimes
0.4215,Sun Nov 05 18:00:16 +0000 2017,0.081,0.763,0.157,"With tears and maybe a few colorful words, Flanagan won the race with a time of 2 hours 26 minutes 53 seconds‚Ä¶ https://t.co/0LhSE1xlcO",41,@NYTimes
-0.7783,Sun Nov 05 17:45:12 +0000 2017,0.404,0.596,0.0,"‚ÄúNo one ‚Äî no dictator, no regime and no nation ‚Äî should underestimate, ever, American resolve,‚Äù Trump said https://t.co/NwU7mi9SWb",42,@NYTimes
-0.4939,Sun Nov 05 17:30:08 +0000 2017,0.244,0.756,0.0,Spanish authorities are seeking to prosecute 20 politicians on rebellion for declaring Catalonia‚Äôs independence https://t.co/ynd3olMZZc,43,@NYTimes
0.2023,Sun Nov 05 17:15:12 +0000 2017,0.0,0.833,0.167,Here are the top story lines for NFL Week 9 https://t.co/IjblFapJPY,44,@NYTimes
0.8225,Sun Nov 05 17:05:26 +0000 2017,0.0,0.631,0.369,"Geoffrey Kamworor of Kenya, a two-time world champion in the half-marathon, won the men‚Äôs race https://t.co/25dHU1O74x",45,@NYTimes
0.25,Sun Nov 05 17:00:16 +0000 2017,0.0,0.882,0.118,Why was Larry David making jokes about trying to pick up women at a concentration camp? https://t.co/9hp5blyqf2,46,@NYTimes
0.5719,Sun Nov 05 16:51:12 +0000 2017,0.0,0.821,0.179,"Shalane Flanagan won the New York City Marathon, the first American woman to finish first since 1977 https://t.co/Ge88TTiRRh",47,@NYTimes
-0.4019,Sun Nov 05 16:45:04 +0000 2017,0.144,0.856,0.0,The 6 crew members living in isolation for a NASA-funded study exit their habitat in Hawaii after 8 months‚Ä¶ https://t.co/SZ5TUVfAKE,48,@NYTimes
-0.4215,Sun Nov 05 16:30:07 +0000 2017,0.203,0.797,0.0,"Opinion: Everyone lies to the tax man, knowingly or unknowingly https://t.co/NI9jte1r0n https://t.co/5YOOU6oH0c",49,@NYTimes
0.0,Sun Nov 05 16:15:08 +0000 2017,0.0,1.0,0.0,"An act of defiance and audacity that helped propel the long, slow march to women‚Äôs suffrage https://t.co/BcDhDMU1Ur",50,@NYTimes
-0.8834,Sun Nov 05 16:00:04 +0000 2017,0.392,0.608,0.0,A Catholic deacon who ran a transitional home for men with a history of addiction or crime was stabbed to death https://t.co/XiIjOU4UJw,51,@NYTimes
0.0387,Sun Nov 05 15:47:51 +0000 2017,0.0,0.948,0.052,"RT @nytopinion: Will the G.O.P. try to challenge Trump in 2020? His unpopularity is stark, but not among his party‚Äôs voters. 
https://t.co/‚Ä¶",52,@NYTimes
0.0,Sun Nov 05 15:45:03 +0000 2017,0.0,1.0,0.0,Should Americans switch to year-round Daylight Saving Time? https://t.co/2truGkvPLo (This story from March is rather timely today.),53,@NYTimes
0.0,Sun Nov 05 15:30:10 +0000 2017,0.0,1.0,0.0,Aaaaand they‚Äôre off https://t.co/a6WDwWi4Uh,54,@NYTimes
-0.4215,Sun Nov 05 15:15:08 +0000 2017,0.157,0.843,0.0,"His is a family of doers in the face of adversity, whether a marathon or political oppression https://t.co/Jd4WQsTN8R",55,@NYTimes
0.6124,Sun Nov 05 15:02:07 +0000 2017,0.12,0.58,0.301,"Britain now stands as one of the world‚Äôs weakest major economies, even as the world enjoys relatively robust growth https://t.co/uRtlH5ygaM",56,@NYTimes
0.0,Sun Nov 05 14:50:09 +0000 2017,0.0,1.0,0.0,RT @dougmillsnyt: .@realDonaldTrump waves from the golf cart as @AbeShinzo drives them to the clubhouse in Tokyo Japan. #POTUSinAsia https:‚Ä¶,57,@NYTimes
0.0,Sun Nov 05 14:45:31 +0000 2017,0.0,1.0,0.0,Malliotakis as Manager: Lessons From Hurricane Sandy and Albany https://t.co/TXl978tjao,58,@NYTimes
0.0,Sun Nov 05 14:25:39 +0000 2017,0.0,1.0,0.0,Ex-Leader of Catalonia Turns Himself In to Police in Brussels https://t.co/iwAG5wzajD,59,@NYTimes
0.0,Sun Nov 05 14:19:34 +0000 2017,0.0,1.0,0.0,üèÖ¬†https://t.co/1Uo2dIlkKC,60,@NYTimes
0.6249,Sun Nov 05 14:12:03 +0000 2017,0.0,0.843,0.157,RT @NYTSports: The marathon great Meb Keflezighi is retiring by running the New York City Marathon on Sunday. What will you do? https://t.c‚Ä¶,61,@NYTimes
-0.4215,Sun Nov 05 13:53:34 +0000 2017,0.209,0.697,0.094,The White House had no immediate comment on whether Trump‚Äôs call should be interpreted as an endorsement of arrests https://t.co/NQ4q09r4hH,62,@NYTimes
0.4588,Sun Nov 05 13:46:05 +0000 2017,0.0,0.833,0.167,"Among Prince Alwaleed‚Äôs crown jewels: sizable stakes in Twitter, Lyft, Citigroup and 21st Century Fox https://t.co/IreBfYVeqP",63,@NYTimes
0.128,Sun Nov 05 13:40:03 +0000 2017,0.13,0.717,0.152,"Saudi Arabia‚Äôs sweeping campaign of arrests included Prince Alwaleed bin Talal, one of the world‚Äôs richest men https://t.co/EpWCYe8tky",64,@NYTimes
-0.2263,Sun Nov 05 13:30:12 +0000 2017,0.101,0.899,0.0,"It's the stuff of liberal fantasies: a vast, defiant territory governed by Democrats resisting Trump at every turn https://t.co/1YbErsvnr2",65,@NYTimes
0.0,Sun Nov 05 13:17:40 +0000 2017,0.0,1.0,0.0,Life on Mars: Return to Earth https://t.co/O4xTfSV87h,66,@NYTimes
0.0,Sun Nov 05 13:14:49 +0000 2017,0.0,1.0,0.0,Upshot/Siena Poll Gives Democrat Narrow Lead in Virginia Governor‚Äôs Race https://t.co/Ko32pgfnjf,67,@NYTimes
0.0,Sun Nov 05 13:00:16 +0000 2017,0.0,1.0,0.0,Who gets to go on a major presidential trip? It's an exercise in internal politics. https://t.co/kyeg52T5U8,68,@NYTimes
0.0572,Sun Nov 05 12:45:06 +0000 2017,0.052,0.887,0.061,"In 1972, NYC marathon organizer Fred Lebow contacted The Times. Be at the start, he said. You won't want to miss it‚Ä¶ https://t.co/ux8tmN1nAq",69,@NYTimes
-0.6249,Sun Nov 05 12:30:09 +0000 2017,0.177,0.823,0.0,Detroit is still trying to recover after the 2008 financial crisis and the 2013 bankruptcy gutted its housing market https://t.co/zkip3W6RpG,70,@NYTimes
0.0,Sun Nov 05 12:21:08 +0000 2017,0.0,1.0,0.0,Exposures: Puerto Rico in the Dark https://t.co/NQjNp6sEbN,71,@NYTimes
0.0,Sun Nov 05 12:00:27 +0000 2017,0.0,1.0,0.0,Tucked away in the GOP tax plan are several provisions meant to get conservative lawmakers to vote for it https://t.co/JhwFcvUnQO,72,@NYTimes
-0.2484,Sun Nov 05 11:57:51 +0000 2017,0.153,0.847,0.0,"More Anxiety, and More Police, Expected at New York City Marathon https://t.co/6fDeAbbarg",73,@NYTimes
0.0,Sun Nov 05 11:30:09 +0000 2017,0.0,1.0,0.0,Joe Lockhart was in the crossfire during the Clinton impeachment. Now he's defending NFL players kneeling. https://t.co/0pvoi3r2cO,74,@NYTimes
0.5106,Sun Nov 05 11:11:30 +0000 2017,0.0,0.784,0.216,Field Notes: The Bridal Shop Just Closed. How to Rescue the Day. https://t.co/14hs5vDWmc,75,@NYTimes
-0.5106,Sun Nov 05 11:00:18 +0000 2017,0.18,0.82,0.0,Youtube contains dark corners as videos that are disturbing for children slip past its filters https://t.co/C94P59X5wV,76,@NYTimes
0.6369,Sun Nov 05 09:50:29 +0000 2017,0.0,0.704,0.296,"Modern Love: Recognizing What They Had, 20 Years Too Late https://t.co/v1K37ABIvw",77,@NYTimes
0.0,Sun Nov 05 09:47:09 +0000 2017,0.0,1.0,0.0,Global Health: Deadly Plague Outbreak in Madagascar Appears to Wane https://t.co/E40FVRku1n,78,@NYTimes
0.0,Sun Nov 05 09:45:33 +0000 2017,0.0,1.0,0.0,The 2018 Michelin Guide New York City has been released https://t.co/sN9Sv5HmCF,79,@NYTimes
0.0,Sun Nov 05 09:28:11 +0000 2017,0.0,1.0,0.0,"The week's 10 most notable new songs, including Bruce Springsteen and Rihanna https://t.co/SgbiIf7UEu",80,@NYTimes
-0.8126,Sun Nov 05 09:10:30 +0000 2017,0.27,0.73,0.0,These musicians are forced to perform for high-caste Hindus. But the killing of one of their own was the last straw. https://t.co/yIm1nXUJFq,81,@NYTimes
-0.3632,Sun Nov 05 08:53:20 +0000 2017,0.18,0.82,0.0,Designers have finally figured out how to dress Olympic athletes without looking like they're trying too hard https://t.co/TVfFSWB4xp,82,@NYTimes
0.0,Sun Nov 05 08:36:23 +0000 2017,0.0,1.0,0.0,How Facebook's algorithm determines the fate of start-ups https://t.co/8kTuBBKeEH,83,@NYTimes
-0.5106,Sun Nov 05 08:18:57 +0000 2017,0.185,0.815,0.0,"Tens of thousands of people in Togo are demanding the nation's president resign, whose family has ruled for 50 years https://t.co/CbqY1GCLKv",84,@NYTimes
-0.1531,Sun Nov 05 08:00:18 +0000 2017,0.11,0.89,0.0,‚ÄòSaturday Night Live‚Äô: Alec Baldwin and Larry David Contribute to an Awkward Episode https://t.co/pok8aizcN8,85,@NYTimes
0.4767,Sun Nov 05 07:55:44 +0000 2017,0.0,0.807,0.193,Japanese art is more than just clich√© zen gardens and cutesy Hello Kitty https://t.co/kKL3U9MxzI,86,@NYTimes
0.0,Sun Nov 05 07:39:18 +0000 2017,0.0,1.0,0.0,"The diversity visa lottery, explained https://t.co/XohR0x5V0g",87,@NYTimes
0.0,Sun Nov 05 07:22:38 +0000 2017,0.0,1.0,0.0,Where the STEM jobs are (and where they aren't) https://t.co/byInsbrpPL https://t.co/B2BeBLnSLn,88,@NYTimes
-0.3818,Sun Nov 05 07:05:36 +0000 2017,0.211,0.69,0.099,"In 1979, Bob Dylan announced his embrace of Christianity. That period gets a second look on ""Trouble No More."" https://t.co/IjETz7sgm8",89,@NYTimes
0.6281,Sun Nov 05 06:48:21 +0000 2017,0.053,0.74,0.207,"""It didn't matter there was an ocean between them and different continents, they both love fiercely"" https://t.co/dlom5MXVnk",90,@NYTimes
0.0,Sun Nov 05 06:31:14 +0000 2017,0.0,1.0,0.0,"‚ÄúAlias Grace‚Äù is a story about storytelling and Sarah Gadon is mesmerizing as the star, writes @poniewozik https://t.co/wOCe89dxgh",91,@NYTimes
0.0,Sun Nov 05 06:13:39 +0000 2017,0.0,1.0,0.0,"At a nightclub in Liberia, we found a stylish music scene unencumbered by the country‚Äôs past https://t.co/ry9cuWgDc2 https://t.co/4FsJ4gRn1x",92,@NYTimes
0.8402,Sun Nov 05 05:56:02 +0000 2017,0.0,0.654,0.346,What did Bernie Sanders learn about Canada's health system? Doctors like free health care as much as patients do. https://t.co/zPds0lBn6V,93,@NYTimes
0.5927,Sun Nov 05 05:39:23 +0000 2017,0.0,0.806,0.194,"Wine usually takes the spotlight at Thanksgiving dinner, but beers are just as good of a complement https://t.co/WdUILym2jj",94,@NYTimes
0.5423,Sun Nov 05 05:20:25 +0000 2017,0.0,0.759,0.241,Op-Ed Contributor: How ISIS helped peace in the Philippines‚Äôs Muslim south https://t.co/ICpCuDLNax,95,@NYTimes
0.0,Sun Nov 05 05:12:58 +0000 2017,0.0,1.0,0.0,Let the dancing beginüíÉüï∫ https://t.co/cKAXP2Z7WO,96,@NYTimes
-0.34,Sun Nov 05 04:56:28 +0000 2017,0.211,0.789,0.0,"Citigroup, 21st Century Fox, Twitter: Prince‚Äôs Arrest Touches Many https://t.co/UOsfKysdE9",97,@NYTimes
0.0,Sun Nov 05 04:47:21 +0000 2017,0.0,1.0,0.0,Trump Arrives in Asia With Focus on Trade and North Korea https://t.co/FNmWwvYxG1,98,@NYTimes
0.5719,Sun Nov 05 04:35:49 +0000 2017,0.0,0.654,0.346,Opinion: Why the world loves New York https://t.co/bDtPbZVzFi,99,@NYTimes
